"2000 AD","tt0214728","1","6.5","6.1","0","2000","99","
English","
Hong Kong","VCD","HK","Hong Kong"
"990714.com","tt0369196","1","2","4.3","0","2000","95","
Cantonese","
Hong Kong","VCD","HK","Hong Kong"
"A Chinese Odyssey p1","tt0112778","1","0","7.8","0","1994","87","
Cantonese","
Hong Kong","VCD","HK","Hong Kong"
"A Fighters Blues","tt0277558","1","7","6.3","0","2000","0","
Cantonese","
Hong Kong","VCD","HK","Hong Kong"
"A Gamblers Story",,"1","0","0","0","0","0",,,"VCD","HK","Hong Kong"
"A Killers Expiry Date","tt0369887","1","0","0","0","1998","95","
Cantonese","
Hong Kong","VCD","HK","Hong Kong"
"A Matter of Time","tt0286812","1","0","5.9","0","2000","0","
Cantonese","
Hong Kong","VCD","HK","Hong Kong"
"A Moment of Romance","tt0100777","1","0","7.2","0","1990","0","
Cantonese","
Hong Kong","VCD","HK","Hong Kong"
"A Time to Remember","tt0192679","1","0","5.7","0","1998","98","
Mandarin","
China","VCD","HK","Hong Kong"
"A True Mob Story","tt0165998","1","0","5.9","0","1998","0","
Cantonese","
Hong Kong","VCD","HK","Hong Kong"
"Accidental Spy","tt0271946","1","7","5.7","0","2001","92","
Cantonese","
Hong Kong","VCD","HK","Hong Kong"
"An Eye for an Eye","tt0199031","1","0","4.6","0","1999","0","
Finnish","
Finland","VCD","HK","Hong Kong"
"And I Hate You So","tt0253955","1","0","6.3","0","2000","0","
Cantonese","
Hong Kong","VCD","HK","Hong Kong"
"Anna Magdalena","tt0159251","1","0","6.6","0","1998","97","
Cantonese","
Hong Kong","VCD","HK","Hong Kong"
"Ashes of Time","tt0109688","1","0","7.4","0","1994","0","
Cantonese","
Hong Kong","VCD","HK","Hong Kong"
"Augustin King of Kung Fu","tt0208694","1","0","6.2","0","1999","0","
French","
France","VCD","HK","Hong Kong"
"Bakery Amour","tt0308670","1","7","6.4","0","2001","0","
Cantonese","
Hong Kong","VCD","HK","Hong Kong"
"Bayside Shakedown","tt0210199","1","6.5","6.6","0","1998","0","
Japanese","
Japan","VCD","JP","Japanese"
"Beauty and the Breast","tt0308290","1","0","5.6","0","2002","0","
Cantonese","
Hong Kong","VCD","HK","Hong Kong"
"Best of the Best","tt0183073","1","6","5.9","0","1996","0","
Cantonese","
Hong Kong","VCD","HK","Hong Kong"
"Bio Cops","tt0276500","1","4","5.2","0","2000","0","
Cantonese","
Hong Kong","VCD","HK","Hong Kong"
"Bloody Secret 2000",,"1","0","0","0","0","0",,,"VCD","HK","Hong Kong"
"Bodyguard from Beijing","tt0111835","1","0","6.1","0","1994","92","
Cantonese","
Hong Kong","VCD","HK","Hong Kong"
"Breaking the Silence","tt0236598","1","2","6.6","0","2000","90","
Mandarin","
China","VCD","HK","Hong Kong"
"Brother","tt0222851","1","8","7.1","0","2000","0","
English","
USA","VCD","JP","Japanese"
"Butterfly Sword","tt0108614","1","5","5.8","0","1993","88","
Cantonese","
Taiwan","VCD","HK","Hong Kong"
"Casino Raiders","tt0098708","1","7","7","0","1989","114","
Mandarin","
Hong Kong","VCD","HK","Hong Kong"
"Century of the Dragon","tt0219887","1","7","5.7","0","1999","0","
Cantonese","
Hong Kong","VCD","HK","Hong Kong"
"China Strike Force","tt0266408","1","5.5","5.1","0","2000","92","
English","
Hong Kong","VCD","HK","Hong Kong"
"Clean my name Mr Coroner!","tt0276154","1","7.5","6.4","0","2000","0","
Cantonese","
Hong Kong","VCD","HK","Hong Kong"
"Come Uppance","tt0286553","1","9","7","0","2000","106","
Cantonese","
Hong Kong","VCD","HK","Hong Kong"
"Conman In Tokyo","tt0325181","1","7","6.2","0","2000","0","
Cantonese","
Hong Kong","VCD","HK","Hong Kong"
"Conman in Vegas","tt0208871","1","6","5.3","0","1999","0","
Cantonese","
Hong Kong","VCD","HK","Hong Kong"
"Cop Shop Babies","tt0318359","1","0","4.9","0","2001","0","
Cantonese","
Hong Kong","VCD","HK","Hong Kong"
"Crouching Tiger Hidden Dragon","tt0190332","1","9","8.1","0","2000","0","
Mandarin","
Taiwan","VCD","HK","Hong Kong"
"Dark War","tt0285433","1","0","4.5","0","2001","0","
Cantonese","
Hong Kong","VCD","HK","Hong Kong"
"Day Off","tt0321942","1","4","0","0","2001","0","
Cantonese","
Hong Kong","VCD","HK","Hong Kong"
"Drive","tt0116147","1","5.5","6.5","0","1997","0","
English","
USA","VCD","US","American"
"Drunken Master","tt0080179","1","0","7.6","0","1978","0","
Cantonese","
Hong Kong","VCD","HK","Hong Kong"
"Drunken Master II","tt0111512","1","0","7.5","0","1994","102","
Cantonese","
Hong Kong","VCD","HK","Hong Kong"
"Emperor and the Assassin","tt0162866","1","0","7.2","0","1998","0","
Mandarin","
France","VCD","HK","Hong Kong"
"Esprit D'Amour","tt0302538","1","0","4.7","0","2001","0","
Cantonese","
Hong Kong","VCD","HK","Hong Kong"
"Everyday is Valentine","tt0355323","1","7","6.1","0","2001","0","
Cantonese","
Hong Kong","VCD","HK","Hong Kong"
"Feel 100%","tt0278955","1","7","6.5","0","1996","0","
Cantonese","
Hong Kong","VCD","HK","Hong Kong"
"Feeling 100% II","tt0287330","1","0","5.5","0","2001","0","
Cantonese","
Hong Kong","VCD","HK","Hong Kong"
"Fight Back to School II","tt0105534","1","6","6.5","0","1992","0","
Cantonese","
Hong Kong","VCD","HK","Hong Kong"
"Fight Back to School III","tt0108293","1","0","6.1","0","1993","0","
Cantonese","
Hong Kong","VCD","HK","Hong Kong"
"Fighting For Love","tt0286623","1","0","6.3","0","2001","0","
Cantonese","
Hong Kong","VCD","HK","Hong Kong"
"Fist of Legend","tt0110200","1","8","7.5","0","1994","98","
English","
Hong Kong","VCD","HK","Hong Kong"
"Flirting Scholar","tt0108289","1","6","7.5","0","1993","0","
Cantonese","
Hong Kong","VCD","HK","Hong Kong"
"Flyin Dance","tt0355449","1","0","6","0","2000","0",,,"VCD","HK","Hong Kong"
"Full Throttle","tt0113651","1","6.5","6.6","0","1995","0","
Cantonese","
Hong Kong","VCD","HK","Hong Kong"
"Funny Business",,"1","6","0","0","0","0",,,"VCD","HK","Hong Kong"
"Futile Existence",,"1","0","0","0","0","0",,,"VCD","HK","Hong Kong"
"Future Cops","tt0106545","1","7","5.4","0","1993","95","
English","
Hong Kong","VCD","HK","Hong Kong"
"Gen X Cops","tt0206334","1","7.5","5.9","0","1999","114","
Cantonese","
Hong Kong","VCD","HK","Hong Kong"
"Gen Y Cops","tt0251094","1","6","4.6","0","2000","0","
English","
Hong Kong","VCD","HK","Hong Kong"
"God of Gamblers","tt0097244","1","8","7.3","0","1989","0","
Cantonese","
Hong Kong","VCD","HK","Hong Kong"
"God Of Gamblers II","tt0101763","1","6","6.7","0","1991","99","
Cantonese","
Hong Kong","VCD","HK","Hong Kong"
"God of Gamblers III: The Early years","tt0119513","1","6.5","6.6","0","1997","0","
Cantonese","
Hong Kong","VCD","HK","Hong Kong"
"God of Gamblers Return","tt0109683","1","7","6.7","0","1994","0","
Cantonese","
Hong Kong","VCD","HK","Hong Kong"
"Goodbye Mr Cool","tt0304098","1","7","6.6","0","2001","0","
Cantonese","
Hong Kong","VCD","HK","Hong Kong"
"Gorgeous","tt0184526","1","7","5.5","0","1999","95","
English","
Hong Kong","VCD","HK","Hong Kong"
"Hail the Judge","tt0110201","1","0","7.3","0","1994","0","
Cantonese","
Hong Kong","VCD","HK","Hong Kong"
"Handsome Siblings","tt0104572","1","0","5.9","0","1992","0","
Cantonese","
Hong Kong","VCD","HK","Hong Kong"
"Help!!!","tt0250313","1","6.5","5.8","0","2000","0","
Cantonese","
Hong Kong","VCD","HK","Hong Kong"
"Hero","tt0136242","1","6.5","6.2","0","1997","93","
Cantonese","
Hong Kong","VCD","HK","Hong Kong"
"High Risk","tt0114437","1","6","5.8","0","1995","101","
Cantonese","
Hong Kong","VCD","HK","Hong Kong"
"Hong Kong History X","tt0318844","1","0","4.7","0","2000","0","
Mandarin","
Hong Kong","VCD","HK","Hong Kong"
"Hot War","tt0181582","1","6","5.7","0","1998","93","
Cantonese","
Hong Kong","VCD","HK","Hong Kong"
"July Rhapsody","tt0312886","1","0","7.2","0","2002","0","
Cantonese","
Hong Kong","VCD","HK","Hong Kong"
"La Brassiere","tt0306651","1","8","6.4","0","2001","0","
Cantonese","
Hong Kong","VCD","HK","Hong Kong"
"Lavender","tt0274626","1","7","5.5","0","2000","0","
Cantonese","
Hong Kong","VCD","HK","Hong Kong"
"Life is a Miracle","tt0324113","1","0","6","0","2001","0","
Cantonese","
Hong Kong","VCD","HK","Hong Kong"
"Lotus Lantern","tt0262264","1","0","5.4","0","1999","85","
Mandarin","
China","VCD","HK","Hong Kong"
"Love is a Fairy Tale","tt0108605","1","6.5","5.7","0","1993","0","
Cantonese","
Hong Kong","VCD","HK","Hong Kong"
"Love on a Diet","tt0286797","1","7.5","6.9","0","2001","0","
Cantonese","
Hong Kong","VCD","HK","Hong Kong"
"Love Undercover","tt0367104","1","0","6.8","0","2002","0",,"
Hong Kong","VCD","HK","Hong Kong"
"Mafia.com","tt0353523","1","0","4.6","0","2000","0","
Cantonese","
Hong Kong","VCD","HK","Hong Kong"
"Magnificent Warriors","tt0094375","1","0","6.4","0","1987","91","
Cantonese","
Hong Kong","VCD","HK","Hong Kong"
"Marooned","tt0300242","1","6.5","5.2","0","2000","0","
Cantonese","
Hong Kong","VCD","HK","Hong Kong"
"Master Q 2001","tt0199898","1","3","4.5","0","2001","0","
Cantonese","
Hong Kong","VCD","HK","Hong Kong"
"Messengers","tt0215993","1","6.5","6.8","0","1999","0","
Japanese","
Japan","VCD","JP","Japanese"
"My Life as McDull","tt0312941","1","0","7.6","0","2001","75","
Cantonese","
Hong Kong","VCD","HK","Hong Kong"
"My Name is Nobody","tt0275538","1","7.5","6.1","0","2000","0","
Cantonese","
Hong Kong","VCD","HK","Hong Kong"
"Nan Qin Nu Ai",,"1","0","0","0","0","0",,,"VCD","HK","Hong Kong"
"Needing You","tt0244092","1","0","6.9","0","2000","0","
Cantonese","
Hong Kong","VCD","HK","Hong Kong"
"Nightmares in Precint 7","tt0313403","1","0","6.6","0","2001","0","
Cantonese","
Hong Kong","VCD","HK","Hong Kong"
"Para Para Sakura","tt0293895","1","0","5.9","0","2001","0","
Cantonese","
Hong Kong","VCD","HK","Hong Kong"
"Paramount Motel","tt0325174","1","5","5.3","0","2000","0","
Cantonese","
Hong Kong","VCD","HK","Hong Kong"
"Parasite Eve","tt0119860","1","0","5.7","0","1997","0","
Japanese","
Japan","VCD","JP","Japanese"
"Perfect Match","tt0098719","1","5.5","5.1","0","1989","0","
Cantonese","
Hong Kong","VCD","HK","Hong Kong"
"Princess D","tt0282860","1","0","6.3","0","2002","0","
Mandarin","
Taiwan","VCD","HK","Hong Kong"
"Riki-oh: The Story of Riki","tt0102293","1","0","7.1","0","1991","91","
Cantonese","
Hong Kong","VCD","HK","Hong Kong"
"Royal Tramp","tt0104770","1","5.5","7","0","1992","0","
Cantonese","
Hong Kong","VCD","HK","Hong Kong"
"Running out of Time","tt0216165","1","7","7.3","0","1999","0","
Cantonese","
Hong Kong","VCD","HK","Hong Kong"
"Sakuya the Slayer of Demons","tt0282936","1","0","4.8","0","2000","0","
Japanese","
Japan","VCD","HK","Hong Kong"
"Second Time Around","tt0286057","1","0","6.6","0","2002","99","
Cantonese","
Hong Kong","VCD","HK","Hong Kong"
"Shaolin Soccer","tt0286112","1","9","7.3","0","2001","102","
Cantonese","
Hong Kong","VCD","HK","Hong Kong"
"Shark Skin Man and Peach Hip Girl","tt0169222","1","8","6.8","0","1998","108","
Japanese","
Japan","VCD","JP","Japanese"
"Skyline Cruisers","tt0272822","1","6.5","5.5","0","2000","0","
Cantonese","
China","VCD","HK","Hong Kong"
"Sleeping Bride","tt0225836","1","0","6","0","2000","100","
Japanese","
Japan","VCD","HK","Hong Kong"
"Storm Riders","tt0165499","1","8","6.2","0","1998","128","
Cantonese","
Hong Kong","VCD","HK","Hong Kong"
"Street Kids Violence",,"1","4","0","0","0","0",,,"VCD","HK","Hong Kong"
"Swordsman I","tt0100973","1","0","7","0","1990","0","
Cantonese","
Hong Kong","VCD","HK","Hong Kong"
"Swordsman III: The East Is Red","tt0105655","1","0","6.1","0","1993","93","
Cantonese","
Hong Kong","VCD","HK","Hong Kong"
"Tai Chi 2","tt0117821","1","0","6.7","0","1996","0","
Cantonese","
Hong Kong","VCD","HK","Hong Kong"
"The Avenging Fist","tt0260136","1","0","4.5","0","2001","0","
Cantonese","
Hong Kong","VCD","HK","Hong Kong"
"The Blade","tt0112800","1","0","7.2","0","1995","101","
Cantonese","
Hong Kong","VCD","HK","Hong Kong"
"The Cheaters","tt0325170","1","5","4.2","0","2001","0","
Cantonese","
Hong Kong","VCD","HK","Hong Kong"
"The Conman","tt0184354","1","7.5","5.9","0","1998","0","
Cantonese","
Hong Kong","VCD","HK","Hong Kong"
"The Enemy","tt0365121","1","4","0","0","2001","0","
Cantonese","
Hong Kong","VCD","HK","Hong Kong"
"The Legend of Speed","tt0234105","1","6","5.8","0","1999","109","
Cantonese","
Hong Kong","VCD","HK","Hong Kong"
"The Legend of Zu","tt0286098","1","8","5.3","0","2001","104","
Mandarin","
Hong Kong","VCD","HK","Hong Kong"
"The Legendary Tai Fei","tt0240559","1","0","5.1","0","1999","0","
Cantonese","
Hong Kong","VCD","HK","Hong Kong"
"The Lord of Amusement","tt0346169","1","7","5","0","1999","0","
Cantonese","
Hong Kong","VCD","HK","Hong Kong"
"The Magnificent Scoundrels","tt0102737","1","0","6.4","0","1991","0","
Cantonese","
Hong Kong","VCD","HK","Hong Kong"
"The Master","tt0097775","1","0","5.2","0","1992","92","
Cantonese","
Hong Kong","VCD","HK","Hong Kong"
"The Odd One Dies","tt0119818","1","0","6.5","0","1997","0","
Cantonese","
Hong Kong","VCD","HK","Hong Kong"
"The Tai Chi Master","tt0108281","1","4.5","7","0","1993","0","
Cantonese","
Hong Kong","VCD","HK","Hong Kong"
"The Young Ones","tt0369191","1","0","0","0","2001","90","
Cantonese","
Hong Kong","VCD","HK","Hong Kong"
"There is a Secret to my Soup","tt0299109","1","0.5","3.9","0","2001","0","
Cantonese","
Hong Kong","VCD","HK","Hong Kong"
"Time 4 Hope","tt0346161","1","0","5.3","0","2002","0","
Cantonese","
Hong Kong","VCD","HK","Hong Kong"
"Tiramisu","tt0348214","1","6","6.2","0","2002","0","
Cantonese","
Hong Kong","VCD","HK","Hong Kong"
"Tokyo Raiders","tt0233600","1","7.5","5.7","0","2000","118","
Cantonese","
Hong Kong","VCD","HK","Hong Kong"
"Triad Zone","tt0266703","1","0","6.9","0","2000","0","
Cantonese","
Hong Kong","VCD","HK","Hong Kong"
"Troublesome Night 9","tt0283079","1","0","0","0","2001","0","
Cantonese","
Hong Kong","VCD","HK","Hong Kong"
"Twilight Garden","tt0266073","1","3.5","2.7","0","2000","0","
Cantonese","
Hong Kong","VCD","HK","Hong Kong"
"Violent Cop","tt0275052","1","0","4.9","0","2000","0","
Cantonese","
Hong Kong","VCD","HK","Hong Kong"
"When a man loves a woman","tt0278818","1","0","0","0","2000","0","
Cantonese","
Hong Kong","VCD","HK","Hong Kong"
"X Imp","tt0289966","1","2","3.3","0","1999","84","
Cantonese","
Hong Kong","VCD","HK","Hong Kong"
"You Shoot I Shoot","tt0312932","1","0","7.7","0","2001","94","
Cantonese","
Hong Kong","VCD","HK","Hong Kong"
"Young and Dangerous I","tt0116456","1","7","7.1","0","1996","0","
Cantonese","
Hong Kong","VCD","HK","Hong Kong"
"Young and Dangerous II","tt0260932","1","6.5","6.7","0","1996","0","
Cantonese","
Hong Kong","VCD","HK","Hong Kong"
"Young and Dangerous III","tt0116455","1","6","6.4","0","1996","0","
Cantonese","
Hong Kong","VCD","HK","Hong Kong"
"Young and Dangerous IV","tt0128907","1","5.5","6.3","0","1997","0","
Cantonese","
Hong Kong","VCD","HK","Hong Kong"
"Young and Dangerous V","tt0163511","1","5","6.1","0","1998","0","
Cantonese","
Hong Kong","VCD","HK","Hong Kong"
"1984","tt0087803","1","0","7.1","0","1984","0","
English","
UK","DVD","US","American"
"12 Angry Men","tt0050083","1","7","8.8","0","1957","0","
English","
USA","DVD","US","American"
"2001: A Space Odyssey","tt0062622","1","7","8.4","0","1968","0","
English","
UK","DVD","US","American"
"A Beautiful Mind","tt0268978","1","7","7.9","0","2001","0","
English","
USA","DVD","US","American"
"A Better Tomorrow","tt0092263","1","0","7.5","0","1986","0","
Cantonese","
Hong Kong","DVD","HK","Hong Kong"
"A Wicked Ghost","tt0344290","1","3","4.1","0","1999","0","
Cantonese","
Hong Kong","DVD","HK","Hong Kong"
"AI: Artificial Intelligence","tt0212720","1","7.5","6.9","0","2001","0","
English","
USA","DVD","US","American"
"Amelie","tt0211915","1","10","8.6","0","2001","122","
French","
France","DVD","FR","France"
"American Wedding","tt0328828","1","7.5","6.2","0","2003","74","
English","
USA","DVD","US","American"
"Apocolypse Now","tt0078788","1","7.5","8.6","0","1979","0","
English","
USA","DVD","US","American"
"Battle Royale","tt0266308","1","8","8","0","2000","114","
Japanese","
Japan","DVD","JP","Japanese"
"Battle Royale 2","tt0338763","1","0","4.7","0","2003","134","
Japanese","
Japan","DVD","JP","Japanese"
"Bowling for Columbine","tt0310793","1","9.5","8.2","0","2002","0","
English","
Canada","DVD","US","American"
"Box of Moonlight","tt0115738","1","7.5","7","0","1996","0","
English","
USA","DVD","US","American"
"Braveheart","tt0112573","1","9.5","8.3","0","1995","0","
English","
USA","DVD","US","American"
"Catch Me if You Can","tt0264464","1","7.5","7.7","0","2002","0","
English","
USA","DVD","US","American"
"Chicago","tt0299658","1","8.5","7.3","0","2002","0","
English","
USA","DVD","US","American"
"Citizen Kane","tt0033467","1","8","8.6","0","1941","0","
English","
USA","DVD","US","American"
"Clockwork Orange","tt0066921","1","9.5","8.5","0","1971","0","
English","
UK","DVD","US","American"
"Donnie Darko","tt0246578","1","10","8.3","0","2001","0","
English","
USA","DVD","US","American"
"Dr. Strangelove","tt0057012","1","7","8.7","0","1964","0","
English","
UK","DVD","US","American"
"Drunken Angel","tt0040979","1","0","7.8","0","1948","98","
Japanese","
Japan","DVD","JP","Japanese"
"End of Evangelion","tt0169858","1","8.5","7.9","0","1997","0","
Japanese","
Japan","DVD","JP","Japanese"
"Enter the Dragon","tt0070034","1","8.5","7.5","0","1973","110","
English","
Hong Kong","DVD","US","American"
"Exorcist Master","tt0106841","1","0","5.9","0","1993","0","
Cantonese","
Hong Kong","DVD","HK","Hong Kong"
"Fast and the Furious","tt0232500","1","5.5","5.8","0","2001","0","
English","
USA","DVD","US","American"
"Fight Back to School I","tt0103045","1","0","7.1","0","1991","0","
Cantonese","
Hong Kong","DVD","HK","Hong Kong"
"Fight Club","tt0137523","1","8.5","8.7","0","1999","0","
English","
USA","DVD","US","American"
"Fist of Fear","tt0080741","1","0","2","0","1980","90","
English","
Hong Kong","DVD","US","American"
"Fists of Fury","tt0067824","1","0","6.5","0","1971","101","
Mandarin","
Hong Kong","DVD","US","American"
"Full Metal Jacket","tt0093058","1","9","8.3","0","1987","0","
English","
UK","DVD","US","American"
"Gandhi","tt0083987","1","8.5","8.2","0","1982","0","
English","
UK","DVD","US","American"
"Gladiator","tt0172495","1","8.5","8.3","0","2000","0","
English","
UK","DVD","US","American"
"Gosford Park","tt0280707","1","8","7.2","0","2001","0","
English","
UK","DVD","US","American"
"Grave of the Fireflies","tt0095327","1","10","8.2","0","1988","85","
English","
Japan","DVD","JP","Japanese"
"High and Low","tt0057565","1","8","8.2","0","1963","143","
Japanese","
Japan","DVD","JP","Japanese"
"Ikiru","tt0044741","1","8","8.1","0","1952","143","
Japanese","
Japan","DVD","JP","Japanese"
"Iron monkey","tt0108148","1","6.5","7.6","0","1993","90","
Cantonese","
Hong Kong","DVD","HK","Hong Kong"
"Jesus Christ Superstar","tt0070239","1","7.5","6.8","0","1973","0","
English","
USA","DVD","US","American"
"Joint Security Area","tt0260991","1","8.5","7.8","0","2000","0","
English","
South Korea","DVD","KR","Korean"
"Kiki's Delivery Service","tt0097814","1","7","7.9","0","1989","0","
Japanese","
Japan","DVD","JP","Japanese"
"King of Hearts","tt0060908","1","6","7.1","0","1966","0","
French","
France","DVD","FR","France"
"Laputa Castle in the Sky","tt0092067","1","10","8.1","0","1986","0","
Japanese","
Japan","DVD","JP","Japanese"
"Lawrence of Arabia","tt0056172","1","7.5","8.6","0","1962","216","
English","
UK","DVD","US","American"
"Life of Brian","tt0079470","1","8.5","8.2","0","1979","0","
English","
UK","DVD","US","American"
"Lord of the Rings: The Fellowship of the Ring","tt0120737","1","8.5","8.7","0","2001","0","
English","
New Zealand","DVD","US","American"
"Lord of the Rings: The Return of the King","tt0167260","1","10","8.8","0","2003","0","
Quenya","
USA","DVD","US","American"
"Lord of the Rings: The Two Towers","tt0167261","1","9","8.6","0","2002","0","
English","
USA","DVD","US","American"
"Lost In Translation","tt0335266","1","9.5","7.9","0","2003","0","
English","
USA","DVD","US","American"
"Madadayo","tt0107474","1","7","7.5","0","1993","0","
Japanese","
Japan","DVD","JP","Japanese"
"Magnolia","tt0175880","1","8","8","0","1999","0","
English","
USA","DVD","US","American"
"Matrix Revisted","tt0295432","1","6.5","7.3","0","2001","0","
English","
USA","DVD","US","American"
"Metropolis","tt0017136","1","0","8.4","0","1927","147","
German","
Germany","DVD","US","American"
"Millennium Actress","tt0291350","1","8","7.9","0","2001","0","
Japanese","
Japan","DVD","JP","Japanese"
"Minority Report","tt0181689","1","8.5","7.7","0","2002","0","
English","
USA","DVD","US","American"
"Momento","tt0209144","1","10","8.6","0","2000","107","
English","
USA","DVD","US","American"
"Mononoke Hime","tt0119698","1","9","8.3","0","1997","0","
Japanese","
Japan","DVD","JP","Japanese"
"Monsoon Wedding","tt0265343","1","7","7.2","0","2001","0","
English","
India","DVD","IN","Indian"
"Moulin Rouge","tt0203009","1","9","7.7","0","2001","0","
English","
Australia","DVD","US","American"
"Nausicaa of the Valley of Wind","tt0087544","1","9","8.1","0","1984","116","
Japanese","
Japan","DVD","JP","Japanese"
"No Regrets for Our Youth","tt0039090","1","0","7.6","0","1946","0","
Japanese","
Japan","DVD","JP","Japanese"
"Ocean's 11","tt0240772","1","9.5","7.6","0","2001","0","
Cantonese","
USA","DVD","US","American"
"Office Space","tt0151804","1","8.5","7.9","0","1999","0","
English","
USA","DVD","US","American"
"On Your Mark","tt0114038","1","8","7.8","0","1995","0","
Japanese","
Japan","DVD","JP","Japanese"
"Once Upon a Time in China","tt0103285","1","8.5","7.4","0","1991","95","
Cantonese","
Hong Kong","DVD","HK","Hong Kong"
"Once Upon a Time in China II","tt0105839","1","7.5","7.4","0","1992","0","
Cantonese","
Hong Kong","DVD","HK","Hong Kong"
"Once Upon a Time in China III","tt0108592","1","6.5","6.7","0","1993","0","
Cantonese","
Hong Kong","DVD","HK","Hong Kong"
"Only Yesterday","tt0102587","1","0","7.7","0","1991","0","
German","
Japan","DVD","JP","Japanese"
"Perfect Blue","tt0367257","1","0","6.8","0","2002","103","
Japanese","
Japan","DVD","JP","Japanese"
"Pirates of the Caribbean: The Curse of the Black Pearl","tt0325980","1","9","8","0","2003","0","
English","
USA","DVD","US","American"
"Pompoko Tanuki","tt0110008","1","7","7.5","0","1994","0","
English","
Japan","DVD","JP","Japanese"
"Porco Rosso","tt0104652","1","7","7.8","0","1992","0","
English","
Japan","DVD","JP","Japanese"
"Poro Poro","tt0102587","1","0","7.7","0","1991","0","
German","
Japan","DVD","JP","Japanese"
"Princess Mononoke","tt0119698","1","9","8.3","0","1997","0","
Japanese","
Japan","DVD","JP","Japanese"
"Pulp Fiction","tt0110912","1","9","8.9","0","1994","168","
English","
USA","DVD","US","American"
"Ran","tt0089881","1","9.5","8.3","0","1985","0","
Japanese","
Japan","DVD","JP","Japanese"
"Rashomon","tt0042876","1","9","8.5","0","1950","0","
Japanese","
Japan","DVD","JP","Japanese"
"Record of Living Being","tt0048198","1","0","7.4","0","1955","0","
Japanese","
Japan","DVD","JP","Japanese"
"Red Beard","tt0058888","1","8","8.1","0","1965","0","
Japanese","
Japan","DVD","JP","Japanese"
"Red Dragon","tt0289765","1","7.5","7.3","0","2002","0","
English","
USA","DVD","US","American"
"Reservoir Dogs","tt0105236","1","8.5","8.4","0","1992","0","
English","
USA","DVD","US","American"
"Sanjuro","tt0056443","1","9","8","0","1962","0","
Japanese","
Japan","DVD","JP","Japanese"
"Sanshiro Sugata","tt0036400","1","0","6.8","0","1943","97","
Japanese","
Japan","DVD","JP","Japanese"
"Se7en","tt0114369","1","8.5","8.6","0","1995","0","
English","
USA","DVD","US","American"
"Seven Samurai","tt0047478","1","10","8.8","0","1954","207","
Japanese","
Japan","DVD","JP","Japanese"
"South Pacific","tt0052225","1","8","6.8","0","1958","0","
English","
USA","DVD","US","American"
"Spirited Away","tt0245429","1","8","8.5","0","2001","0","
Japanese","
Japan","DVD","JP","Japanese"
"Star Wars Episode 1: The Phantom Menace","tt0120915","1","7","6.4","0","1999","0","
English","
USA","DVD","US","American"
"Star Wars Episode 2: Attack of the Clones","tt0121765","1","8","6.8","0","2002","120","
English","
USA","DVD","US","American"
"Stargate","tt0111282","1","7.5","6.6","0","1994","128","
English","
France","DVD","US","American"
"Swordsman II","tt0103295","1","0","7.3","0","1992","0","
Cantonese","
Hong Kong","DVD","HK","Hong Kong"
"Teen Zombies","tt0051064","1","0","2.2","0","1959","0","
English","
USA","DVD","US","American"
"The Bad Sleep Well","tt0054460","1","0","8.1","0","1960","135","
Japanese","
Japan","DVD","JP","Japanese"
"The Bride With White Hair","tt0106342","1","0","6.9","0","1993","89","
Cantonese","
Hong Kong","DVD","HK","Hong Kong"
"The Chinese Connection","tt0068767","1","0","7","0","1972","102","
Mandarin","
Hong Kong","DVD","US","American"
"The Deer Hunter","tt0077416","1","0","8.2","0","1978","0","
English","
UK","DVD","US","American"
"The Duel","tt0243876","1","7.5","6","0","2000","106","
Cantonese","
Hong Kong","DVD","HK","Hong Kong"
"The Eternal Evil Of Asia","tt0113928","1","0","5.9","0","1995","0","
Cantonese","
Hong Kong","DVD","HK","Hong Kong"
"The Eye","tt0325655","1","7","6.9","0","2002","110","
Cantonese","
Hong Kong","DVD","HK","Hong Kong"
"The God Of Cookery","tt0116426","1","9","7.4","0","1996","95","
Cantonese","
Hong Kong","DVD","HK","Hong Kong"
"The Hidden Fortress","tt0051808","1","10","8","0","1958","114","
Japanese","
Japan","DVD","JP","Japanese"
"The Hitchhikers Guide to the Galaxy","tt0081874","1","7","8","0","1981","32","
English","
UK","DVD","EN","English"
"The Killer","tt0097202","1","0","8","0","1989","96","
Cantonese","
Hong Kong","DVD","HK","Hong Kong"
"The Last Samurai","tt0325710","1","8","7.8","0","2003","0","
English","
USA","DVD","US","American"
"The Long Kiss Goodnight","tt0116908","1","6.5","6.6","0","1996","0","
English","
USA","DVD","US","American"
"The Lower Depths","tt0050330","1","0","7.5","0","1957","124","
Japanese","
Japan","DVD","JP","Japanese"
"The Matrix","tt0133093","1","9","8.6","0","1999","0","
English","
USA","DVD","US","American"
"The Mikado","tt0163101","1","8.5","8","0","1984","0","
English","
Canada","DVD","US","American"
"The Mission","tt0220644","1","8","7.2","0","1999","81","
Cantonese","
Hong Kong","DVD","HK","Hong Kong"
"The Real Bruce Lee","tt0186483","1","0","5.6","0","1973","118","
English","
Hong Kong","DVD","US","American"
"They Who Step on Tiger's Tail","tt0038182","1","6","7","0","1945","58","
Japanese","
Japan","DVD","JP","Japanese"
"Throne of Blood","tt0050613","1","8.5","8.1","0","1957","0","
Japanese","
Japan","DVD","JP","Japanese"
"Time and Tide","tt0251433","1","5.5","6.8","0","2000","0","
English","
Hong Kong","DVD","HK","Hong Kong"
"Titanic","tt0120338","1","7.5","7.2","0","1997","0","
English","
USA","DVD","US","American"
"Tokyo Drifter","tt0061101","1","0","7.3","0","1966","82","
Japanese","
Japan","DVD","JP","Japanese"
"Topsy-Turvy","tt0151568","1","7.5","7.2","0","1999","0","
English","
UK","DVD","US","American"
"Totoro","tt0096283","1","8","8.1","0","1988","0","
Japanese","
Japan","DVD","JP","Japanese"
"Uzumaki","tt0244870","1","6.5","6.3","0","2000","90","
Japanese","
Japan","DVD","JP","Japanese"
"Whisper of the Heart","tt0113824","1","9","8.1","0","1995","0","
Japanese","
Japan","DVD","JP","Japanese"
"X2","tt0290334","1","8","7.8","0","2003","0","
English","
USA","DVD","US","American"
"Xmen","tt0120903","1","7.5","7.4","0","2000","0","
English","
USA","DVD","US","American"
"Yojimbo","tt0055630","1","9","8.3","0","1961","110","
Japanese","
Japan","DVD","JP","Japanese"
"Zu: Warriors From the Magic Mountain","tt0086308","1","0","6.7","0","1983","95","
Cantonese","
Hong Kong","DVD","HK","Hong Kong"
"Secret Window","tt0363988","1","7","6.4","0","2004","0","
English","
USA","DVD","US","American"
"Phone","tt0323630","1","0","6.3","0","2002","100","
Korean","
South Korea","DVD","KR","Korean"
"Audition","tt0235198","1","0","7.4","0","1999","113","
Japanese","
South Korea","DVD","JP","Japanese"
"American Beauty","tt0169547","1","9","8.6","0","1999","0","
English","
USA","DVD","US","American"
"American Splendor","tt0305206","1","7.5","7.7","0","2003","0","
English","
USA","DVD","US","American"
"Big Fish","tt0319061","1","9","8","0","2003","0","
English","
USA","DVD","US","American"
"Blue Springs","tt0309291","1","0","7.4","0","2001","0","
Japanese","
Japan","DVD","JP","Japanese"
"Boiler Room","tt0181984","1","8","6.8","0","2000","0","
Russian","
USA","DVD","US","American"
"Dreams","tt0100998","1","0","7.6","0","1990","0","
Japanese","
USA","DVD","JP","Japanese"
"Green Tea","tt0382821","1","0","6.9","0","2003","0","
Mandarin","
China","DVD","HK","Hong Kong"
"Hero","tt0299977","1","10","8","0","2002","89","
Mandarin","
Hong Kong","DVD","HK","Hong Kong"
"Ichi the Killer","tt0296042","1","0","7.2","0","2001","110","
Japanese","
Japan","DVD","JP","Japanese"
"Juon: The Grudge","tt0364385","1","7.5","6.6","0","2003","0","
English","
Japan","DVD","JP","Japanese"
"Juon: The Grudge 2","tt0367913","1","6.5","6.3","0","2003","95","
Japanese","
Japan","DVD","JP","Japanese"
"Kill Bill Volume 1","tt0266697","1","7.5","8.2","0","2003","111","
English","
USA","DVD","US","American"
"Kill Bill Volume 2","tt0378194","1","7","8","0","2004","0","
English","
USA","DVD","US","American"
"Lord of the Rings: The Fellowship of the Ring Extended","tt0120737","1","9","8.7","0","2001","0","
English","
New Zealand","DVD","US","American"
"Magnificent Butcher","tt0079472","1","0","7.5","0","1979","0","
Cantonese","
Hong Kong","DVD","HK","Hong Kong"
"Master and Commander","tt0311113","1","8","7.5","0","2003","0","
English","
USA","DVD","US","American"
"Matrix Reloaded","tt0234215","1","8","7","0","2003","0","
English","
USA","DVD","US","American"
"Matrix Revolutions","tt0242653","1","7","6.4","0","2003","0","
English","
USA","DVD","US","American"
"Mystic River","tt0327056","1","8","8","0","2003","0","
English","
USA","DVD","US","American"
"Nadia: Secret of Blue Water","tt0096591","1","9","8.2","0","1990","0","
Japanese","
Japan","DVD","JP","Japanese"
"One Flew Over the Cuckoo's Nest","tt0073486","1","0","8.8","0","1975","0","
English","
USA","DVD","US","American"
"Pirates of Penzance","tt0089811","1","6.5","6.2","0","1985","0","
English","
Canada","DVD","US","American"
"Requiem for a Dream","tt0180093","1","9","8.5","0","2000","102","
English","
USA","DVD","US","American"
"Running on Karma","tt0374184","1","7.5","6.6","0","2003","0","
Cantonese","
Hong Kong","DVD","HK","Hong Kong"
"Schindlers List","tt0108052","1","10","8.9","0","1993","0","
English","
USA","DVD","US","American"
"Shiri","tt0192657","1","7","6.5","0","1999","0","
Korean","
South Korea","DVD","KR","Korean"
"Shogun","tt0080274","1","0","8.3","0","1980","0","
English","
USA","DVD","US","American"
"Singin In the Rain","tt0045152","1","0","8.4","0","1952","0","
English","
USA","DVD","US","American"
"Skinny Tiger Fatty Dragon","tt0100605","1","0","6.5","0","1990","100","
Cantonese","
Hong Kong","DVD","HK","Hong Kong"
"Spring, Summer, Autumn, Winter... and Spring","tt0374546","1","9.5","8.1","0","2003","0","
Korean","
South Korea","DVD","KR","Korean"
"Stray Dog","tt0041699","1","8.5","7.9","0","1949","0","
Japanese","
Japan","DVD","JP","Japanese"
"Supersize Me","tt0390521","1","8.5","7.6","0","2004","0","
English","
USA","DVD","US","American"
"The Butterfly Effect","tt0289879","1","8.5","7.8","0","2004","0","
English","
USA","DVD","US","American"
"The Passion of the Christ","tt0335345","1","6.5","7.2","0","2004","0","
Assyrian Neo-Aramaic","
USA","DVD","US","American"
"Turn Left Turn Right","tt0367174","1","0","6.6","0","2003","0","
Cantonese","
Hong Kong","DVD","HK","Hong Kong"
"Van Helsing","tt0338526","1","0","5.5","0","2004","0","
English","
USA","DVD","US","American"
"Waterworld","tt0114898","1","7.5","5.6","0","1995","176","
English","
USA","DVD","US","American"
"Zatoichi meets the one Armed Swordsman","tt0066602","1","0","7.3","0","1971","0","
Japanese","
Japan","DVD","JP","Japanese"
"A Hero Never Dies","tt0176809","1","0","6.9","0","1998","0","
Cantonese","
Hong Kong","DVD","HK","Hong Kong"
"A Princess Blade","tt0310149","1","0","5.7","0","2001","92","
Japanese","
Japan","DVD","US","American"
"Avalon","tt0267287","1","7.5","6.7","0","2001","0","
Polish","
Japan","DVD","JP","Japanese"
"Battlefield Baseball","tt0384832","1","6","5.8","0","2003","87","
Japanese","
Japan","DVD","JP","Japanese"
"Bubba Hotep","tt0281686","1","0","7.4","0","2002","0","
English","
USA","DVD","US","American"
"Colorful","tt0260814","1","0","5.8","0","2000","0","
Japanese","
Japan","DVD","JP","Japanese"
"Come Drink With Me","tt0059079","1","0","7.1","0","1966","90","
Mandarin","
Hong Kong","DVD","HK","Hong Kong"
"Fahrenheit 9/11","tt0361596","1","9","7.6","0","2004","0","
English","
USA","DVD","US","American"
"Hellboy","tt0167190","1","0","6.8","0","2004","0","
English","
USA","DVD","US","American"
"Infernal Affairs 1","tt0338564","1","9.5","8.1","0","2002","101","
Cantonese","
Hong Kong","DVD","HK","Hong Kong"
"Infernal Affairs 2","tt0369060","1","7.5","7.4","0","2003","110","
Cantonese","
Hong Kong","DVD","HK","Hong Kong"
"Infernal Affairs 3","tt0374339","1","0","7","0","2003","118","
Cantonese","
Hong Kong","DVD","HK","Hong Kong"
"Jiang Hu","tt0415080","1","7.5","6.3","0","2004","0","
Cantonese","
Hong Kong","DVD","HK","Hong Kong"
"Kairo","tt0286751","1","0","6.7","0","2001","118","
Japanese","
Japan","DVD","JP","Japanese"
"My Schoolmate the barbarian","tt0295461","1","0","6.4","0","2001","0","
Cantonese","
Hong Kong","DVD","HK","Hong Kong"
"Sky High","tt0398563","1","0","6.2","0","2003","122","
Japanese","
Japan","DVD","JP","Japanese"
"Starship Troopers 2","tt0367093","1","3","3.5","0","2004","88","
English","
USA","DVD","US","American"
"Starsky and Hutch","tt0335438","1","7","6.2","0","2004","0","
English","
USA","DVD","US","American"
"The Eye 2","tt0405061","1","0","5.7","0","2004","95","
Cantonese","
Hong Kong","DVD","HK","Hong Kong"
"Twilight Samurai","tt0351817","1","8","8.2","0","2002","129","
Japanese","
Japan","DVD","JP","Japanese"
"When the Last Sword is Drawn","tt0359692","1","0","7.6","0","2003","143","
Japanese","
Japan","DVD","JP","Japanese"
"Who Am I?","tt0127357","1","0","6.4","0","1998","0","
English","
Hong Kong","DVD","HK","Hong Kong"
"Zatoichi","tt0363226","1","9","7.6","0","2003","0","
Japanese","
Japan","DVD","JP","Japanese"
"Burning Paradise","tt0110080","1","4","6.9","0","1994","0","
Cantonese","
Hong Kong","DVD","HK","Hong Kong"
"Full Contact","tt0105851","1","0","7.2","0","1993","0","
Cantonese","
Hong Kong","DVD","HK","Hong Kong"
"Reversal Of Fortune","tt0364759","1","0","6.2","0","2003","0","
Korean","
South Korea","DVD","KR","Korean"
"Spirder Forst","tt0407821","1","0","6.8","0","2004","112","
Korean","
South Korea","DVD","KR","Korean"
"Teacher Mr. Kim","tt0358691","1","0","6.7","0","2003","117","
Korean","
South Korea","DVD","KR","Korean"
"Farewell My Concubine","tt0106332","1","0","7.9","0","1993","0","
Mandarin","
China","DVD","HK","Hong Kong"
"Teasure Hunt","tt0110071","1","0","6.1","0","1994","0","
Cantonese","
Hong Kong","DVD","HK","Hong Kong"
"That Fiery Girl","tt0200670","1","0","5.7","0","1968","0","
Mandarin","
Hong Kong","DVD","HK","Hong Kong"
"Marines Who Never Returned","tt0239594","1","0","4.4","0","1963","110","
English","
South Korea","DVD","KR","Korean"
"Break Out","tt0325743","1","0","6.3","0","2002","0","
Korean","
South Korea","DVD","KR","Korean"
"Zebraman","tt0388556","1","0","6.8","0","2004","0","
Japanese","
Japan","DVD","JP","Japanese"
"New Police Story","tt0386005","1","8.5","6.8","0","2004","0","
Cantonese","
Hong Kong","DVD","HK","Hong Kong"
"Fighter In the Wind","tt0416499","1","0","6.9","0","2004","120","
Japanese","
South Korea","DVD","KR","Korean"
"Cashern","tt0405821","1","8","6.3","0","2004","117","
Japanese","
Japan","DVD","JP","Japanese"
"Rush Hour 2","tt0266915","1","7","6.4","0","2001","94","
English","
USA","DVD","US","American"
"Teenage Mutant Ninja Turtles III","tt0108308","1","6","4.2","0","1993","0","
English","
USA","DVD","US","American"
"Hi! Dharma!","tt0298826","1","0","5.9","0","2001","95","
Korean","
South Korea","DVD","KR","Korean"
"Alien vs. Predator","tt0370263","1","0","5.4","0","2004","0","
English","
USA","DVD","US","American"
"Millennium Mambo","tt0283283","1","0","6.7","0","2001","0","
Mandarin","
Taiwan","DVD","HK","Hong Kong"
"100 Days with Mr. Arrogant","tt0395677","1","0","5.7","0","2004","95","
Korean","
South Korea","DVD","KR","Korean"
"Swordsman and Enchantress","tt0078352","1","0","7","0","1978","0","
Mandarin","
Hong Kong","DVD","HK","Hong Kong"
"Someone Special","tt0409696","1","0","7.2","0","2004","107","
Korean","
South Korea","DVD","KR","Korean"
"A Romance of Their Own","tt0416073","1","0","6.4","0","2004","113","
Korean","
South Korea","DVD","KR","Korean"
"Ardor","tt0341470","1","0","6.2","0","2002","100","
Korean","
South Korea","DVD","KR","Korean"
"Fudoh","tt0123092","1","0","7.2","0","1996","0","
Japanese","
Japan","DVD","JP","Japanese"
"Return to the 36th Chamber","tt0081494","1","0","7.2","0","1980","99","
Cantonese","
Hong Kong","DVD","HK","Hong Kong"
"R Point","tt0417072","1","0","6.3","0","2004","0","
English","
South Korea","DVD","KR","Korean"
"Sky of Love","tt0406110","1","0","5.7","0","2003","91","
Cantonese","
Hong Kong","DVD","HK","Hong Kong"
"My Sassy Girl","tt0293715","1","10","8.2","0","2001","122","
Korean","
South Korea","DVD","KR","Korean"
"Aroto",,"1","0","0","0",,"0",,,"DVD","JP","Japanese"
"Bullet For Hire","tt0103333","1","0","6","0","1991","9","
Cantonese","
Hong Kong","DVD","HK","Hong Kong"
"Ali G Indahouse","tt0284837","1","0","5.9","0","2002","0","
English","
France","DVD","EN","English"
"Addicted","tt0336678","1","0","7.1","0","2002","114","
Korean","
South Korea","DVD","KR","Korean"
"Sword in the Moon","tt0370402","1","0","5.8","0","2003","100","
Korean","
South Korea","DVD","KR","Korean"
"Shaolin Mantis","tt0078360","1","0","7.3","0","1978","0","
Mandarin","
Hong Kong","DVD","HK","Hong Kong"
"Ten Tigers of Shaolin","tt0079247","1","0","5.9","0","1979","0","
English","
Hong Kong","DVD","HK","Hong Kong"
"Natural City","tt0378428","1","0","5.8","0","2003","114","
Korean","
South Korea","DVD","KR","Korean"
"Shaolin Vs. Lama","tt0086304","1","0","7.1","0","1983","0","
Cantonese","
Hong Kong","DVD","HK","Hong Kong"
"Legend of Liquid Sword","tt0108610","1","0","6.2","0","1993","0","
Cantonese","
Hong Kong","DVD","HK","Hong Kong"
"Champion","tt0325165","1","0","6.3","0","2002","0","
Korean","
South Korea","DVD","KR","Korean"
"Spin Kick","tt0406713","1","0","6","0","2004","102","
Korean","
South Korea","DVD","KR","Korean"
"The New Legend of Shaolin","tt0110054","1","0","6.1","0","1994","0","
Cantonese","
Hong Kong","DVD","HK","Hong Kong"
"House of Flying Daggers","tt0385004","1","8.5","7.6","0","2004","119","
Mandarin","
China","DVD","HK","Hong Kong"
"I, Robot","tt0343818","1","8","7","0","2004","0","
English","
USA","DVD","US","American"
"Aladdin","tt0103639","1","8.5","7.8","0","1992","0","
English","
USA","DVD","US","American"
"Twins Effect II","tt0398373","1","0","5.2","0","2004","0","
Cantonese","
Hong Kong","DVD","HK","Hong Kong"
"Ali G inDaUSAiii","tt0367274","1","0","8.7","0","2003","0","
English","
USA","DVD","EN","English"
"Gozu","tt0361668","1","0","7","0","2003","130","
Japanese","
Japan","DVD","JP","Japanese"
"We're Going to Eat You","tt0080636","1","0","6.5","0","1980","87","
Cantonese","
Hong Kong","DVD","HK","Hong Kong"
"Teenage Mutant Ninja Turtles","tt0100758","1","6.5","6.3","0","1990","0","
English","
USA","DVD","US","American"
"My Wife is a Gangster","tt0296696","1","0","6.3","0","2001","107","
Korean","
South Korea","DVD","KR","Korean"
"Snake & Crane Arts of Shaolin","tt0078251","1","0","6.3","0","1978","0","
Mandarin","
Hong Kong","DVD","HK","Hong Kong"
"Teenage Mutant Ninja Turtles II: The Secret of the Ooze","tt0103060","1","6","5.2","0","1991","0","
English","
USA","DVD","US","American"
"Hard Boiled","tt0104684","1","6.5","7.9","0","1992","92","
Cantonese","
Hong Kong","DVD","HK","Hong Kong"
"Pretty Guardian Sailor Moon","tt0386917","1","9","9.1","0","2003","30","
Japanese","
Japan","DVD","JP","Japanese"
"Chingoo","tt0281718","1","0","7.3","0","2001","118","
Korean","
South Korea","DVD","KR","Korean"
"Disciples of the 36th Chamber","tt0089029","1","0","6.9","0","1985","90","
Cantonese","
Hong Kong","DVD","HK","Hong Kong"
"Duel to the Death","tt0084924","1","0","7.3","0","1983","86","
Cantonese","
Hong Kong","DVD","HK","Hong Kong"
"Failan","tt0289181","1","7","7.9","0","2001","0","
Korean","
South Korea","DVD","KR","Korean"
"Ghost Office",,"1","0","0","0","2003","0",,,"DVD","HK","Hong Kong"
"Ghost System","tt0452019","1","0","3.6","0","2002","74","
Japanese","
Japan","DVD","JP","Japanese"
"Heroic Deo","tt0379985","1","0","6","0","2003","0","
Cantonese","
Hong Kong","DVD","HK","Hong Kong"
"Horror Hotline... Big Head Monster","tt0305647","1","0","4.8","0","2001","0","
Cantonese","
Hong Kong","DVD","HK","Hong Kong"
"Inner Senses","tt0316023","1","0","6.2","0","2002","0","
Cantonese","
Hong Kong","DVD","HK","Hong Kong"
"Interactive Murders","tt0318184","1","0","5.4","0","id","0","Cantonese","Hong Kong","DVD","HK","Hong Kong"
"Ju-on: The Curse","tt0330500","1","0","6.8","0","2000","0","
Japanese","
Japan","DVD","JP","Japanese"
"Ju-on: The Curse 2","tt0330501","1","0","5.9","0","2000","0","
Japanese","
Japan","DVD","JP","Japanese"
"Lady Snowblood","tt0158714","1","0","7.8","0","1973","0","
English","
Japan","DVD","JP","Japanese"
"Legend of Evil Lake","tt0377633","1","0","5.8","0","2003","92","
Korean","
South Korea","DVD","KR","Korean"
"Mr. Handy","tt0398045","1","0","6.4","0","2004","108","
Korean","
South Korea","DVD","KR","Korean"
"Once Upon a Time in China and America","tt0120530","1","0","6.3","0","1997","102","
English","
Hong Kong","DVD","HK","Hong Kong"
"Onibaba","tt0058430","1","8","8.1","0","1964","103","
Japanese","
Japan","DVD","JP","Japanese"
"Silmido","tt0387596","1","7","7.1","0","2003","0","
Korean","
South Korea","DVD","KR","Korean"
"Taegukgi","tt0386064","1","8.5","8.1","0","2004","0","
Korean","
South Korea","DVD","KR","Korean"
"Tales of the Unusual","tt0293984","1","0","6.8","0","2000","0","
Japanese","
Japan","DVD","JP","Japanese"
"The City of Last Souls","tt0246498","1","0","6.3","0","2000","100","
English","
Japan","DVD","HK","Hong Kong"
"The Classic","tt0246005","1","0","6.6","0","2001","0","
Finnish","
Finland","DVD","HK","Hong Kong"
"The Evil Cult","tt0108624","1","0","6.1","0","1993","99","
Cantonese","
Hong Kong","DVD","HK","Hong Kong"
"Unborn But Forgotten","tt0325534","1","0","4.6","0","2002","95","
Korean","
South Korea","DVD","KR","Korean"
"Versus","tt0275773","1","0","6.7","0","2000/I","102","
English","
USA","DVD","JP","Japanese"
"Windstruck","tt0409072","1","0","7.2","0","2004","0","
Korean","
South Korea","DVD","KR","Korean"
"Witch From Nepal","tt0089861","1","0","5.2","0","1985","0","
Cantonese","
Hong Kong","DVD","HK","Hong Kong"
"New Blood","tt0352420","1","0","4.8","0","2002","0","
Cantonese","
Hong Kong","DVD","HK","Hong Kong"
"Seventh Curse","tt0092273","1","0","5.7","0","1986","78","
Cantonese","
Hong Kong","DVD","HK","Hong Kong"
"Dr. Lamb","tt0104319","1","0","6","0","1992","0","
Cantonese","
Hong Kong","DVD","HK","Hong Kong"
"Stacy","tt0368296","1","0","4.8","0","2001","79","
Japanese","
Japan","DVD","JP","Japanese"
"Agitator","tt0305240","1","0","6.2","0","2001","0","
Japanese","
Japan","DVD","JP","Japanese"
"Acacia","tt0380164","1","0","5.7","0","2003","0","
Korean","
South Korea","DVD","KR","Korean"
"Red Shadow","tt0294280","1","0","5.7","0","2001","0","
Japanese","
Japan","DVD","JP","Japanese"
"Victim","tt0224345","1","0","6.5","0","1999","0","
Cantonese","
Hong Kong","DVD","HK","Hong Kong"
"Hex","tt0081782","1","0","6.6","0","1980","0","
Cantonese","
Hong Kong","DVD","HK","Hong Kong"
"Koma","tt0408970","1","0","6","0","2004","88","
Cantonese","
Hong Kong","DVD","HK","Hong Kong"
"Ring Virus","tt0289424","1","0","6.5","0","1999","0","
Korean","
South Korea","DVD","KR","Korean"
"Man Behind the Sun","tt0093170","1","0","6","0","1988","102","
Cantonese","
Hong Kong","DVD","HK","Hong Kong"
"303 Fear Faith Revenge","tt0219682","1","0","5.8","0","1998","0","
Thai","
Thailand","DVD","TH","Thailand"
"666 Devil Reincarnates","tt0173167","1","0","4.9","0","1996","100","
Cantonese","
Hong Kong","DVD","HK","Hong Kong"
"Samurai Fiction","tt0170544","1","6.5","7.2","0","1998","0","
Japanese","
Japan","DVD","JP","Japanese"
"Xiu Xiu","tt0115005","1","0","7.3","0","1998","0","
Mandarin","
Hong Kong","DVD","HK","Hong Kong"
"Oh! Happy Day","tt0357978","1","0","5","0","2003","0","
Korean","
South Korea","DVD","KR","Korean"
"Immortel","tt0314063","1","0","5.9","0","ad vit","102","
English","
France","DVD","FR","France"
"Lone Wolf and Cub: White Heaven in Hell","tt0071695","1","0","7.5","0","1974","0","
Japanese","
Japan","DVD","JP","Japanese"
"Platonic Sex","tt0337024","1","0","5.6","0","2001","0","
Japanese","
Japan","DVD","JP","Japanese"
"An Autumn's Tale","tt0093426","1","0","7.8","0","1987","98","
Cantonese","
Hong Kong","DVD","HK","Hong Kong"
"Gingko Bed","tt0141122","1","0","5.7","0","1996","88","
Korean","
South Korea","DVD","KR","Korean"
"Pom Pom & Hot Hot","tt0105384","1","0","6","0","1992","0","Cantonese","Hong Kong","DVD","HK","Hong Kong"
"Sweet Sex and Love","tt0365484","1","0","5.2","0","2003","0","
Korean","
South Korea","DVD","KR","Korean"
"Breaking News","tt0414931","1","0","6.6","0","2004","88","
Cantonese","
Hong Kong","DVD","HK","Hong Kong"
"Taxi 2","tt0183869","1","0","6.2","0","2000","0","
French","
France","DVD","FR","France"
"My Little Bride","tt0395140","1","0","7","0","2004","0","
Korean","
South Korea","DVD","KR","Korean"
"Lone Wolf and Cub: Baby Cart in Land of Demons","tt0143428","1","0","7.8","0","1973","89","
Japanese","
Japan","DVD","JP","Japanese"
"The Tuxedo","tt0290095","1","5","5","0","2002","0","
English","
USA","DVD","US","American"
"Boiling Point","tt0098967","1","0","6.7","0","1990","0","
Japanese","
Japan","DVD","JP","Japanese"
"Master of the Flying Guillotine","tt0072913","1","0","7.5","0","1975","93","
Mandarin","
Taiwan","DVD","HK","Hong Kong"
"Aragami","tt0362417","1","0","6.7","0","2003","70","
Japanese","
Japan","DVD","JP","Japanese"
"Naked Weapon","tt0341495","1","0","5.5","0","2002","92","
English","
Hong Kong","DVD","HK","Hong Kong"
"Eastern Condors","tt0090956","1","0","7.1","0","1987","93","
Cantonese","
Hong Kong","DVD","HK","Hong Kong"
"Half a Load of Kung Fu","tt0080623","1","0","5.4","0","1980","94","
Mandarin","
Hong Kong","DVD","HK","Hong Kong"
"Fatal Flying Guillotines","tt0086622","1","0","5.2","0","1977","0","
Cantonese","
Hong Kong","DVD","HK","Hong Kong"
"Bangkok Dangerous","tt0263101","1","0","6.5","0","1999","0","
Thai","
Thailand","DVD","TH","Thailand"
"Untold Scandal","tt0380689","1","0","7.2","0","2003","0","
Korean","
South Korea","DVD","KR","Korean"
"The Longest Nite","tt0168043","1","0","7.5","0","1998","81","
Cantonese","
Hong Kong","DVD","HK","Hong Kong"
"Lone Wolf and Cub: In Peril","tt0143348","1","0","7.8","0","1972","0","
Japanese","
Japan","DVD","JP","Japanese"
"The Twins Effect","tt0351887","1","0","5.6","0","2003","102","
Cantonese","
Hong Kong","DVD","HK","Hong Kong"
"Bullet in the Head","tt0099426","1","0","7.6","0","1990","97","
Cantonese","
Hong Kong","DVD","HK","Hong Kong"
"Onmyoji","tt0355857","1","0","6.2","0","2001","112","
Japanese","
Japan","DVD","JP","Japanese"
"Whispering Corridors 3: Wishing Stairs","tt0370082","1","0","5.6","0","2003","97","
Korean","
South Korea","DVD","KR","Korean"
"Branded to Kill","tt0061882","1","0","7.3","0","1967","99","
Japanese","
Japan","DVD","JP","Japanese"
"My Tutor Friend","tt0348591","1","0","6.7","0","2003","110","
Korean","
South Korea","DVD","KR","Korean"
"Bichunmoo","tt0278351","1","0","6.2","0","2000","118","
Korean","
South Korea","DVD","KR","Korean"
"One Nite in Mongkok","tt0430772","1","0","7.3","0","2004","0","
Cantonese","
Hong Kong","DVD","HK","Hong Kong"
"Heroes Shed No Tears","tt0092264","1","0","6","0","1986","93","
Cantonese","
Hong Kong","DVD","HK","Hong Kong"
"Shaolin Handlock","tt0078253","1","0","6.4","0","1978","0","
Mandarin","
Hong Kong","DVD","HK","Hong Kong"
"Three Extremes","tt0420251","1","0","7.2","0","2004","125","
Cantonese","
Hong Kong","DVD","KR","Korean"
"Napoleon Dynamite","tt0374900","1","9","6.9","0","2004","86","
English","
USA","DVD","US","American"
"Troy","tt0332452","1","7","7","0","2004","163","
English","
USA","DVD","US","American"
"Garden State","tt0333766","1","9.5","7.9","0","2004","0","
English","
USA","DVD","US","American"
"Open Water","tt0374102","1","5","5.9","0","2003","0","
English","
USA","DVD","US","American"
"Harold & Kumar Go to White Castle","tt0366551","1","8","7.2","0","2004","0","
English","
USA","DVD","US","American"
"Collateral","tt0369339","1","7.5","7.8","0","2004","0","
English","
USA","DVD","US","American"
"THX 1138","tt0066434","1","0","6.8","0","1971","88","
English","
USA","DVD","US","American"
"Maria Full of Grace","tt0390221","1","9","7.7","0","2004","0","
Spanish","
USA","DVD","CO","Colombia"
"Harry Potter and the Prisoner of Azkaban","tt0304141","1","9","7.7","0","2004","0","
English","
UK","DVD","US","American"
"Matchstick Men","tt0325805","1","8","7.4","0","2003","120","
English","
USA","DVD","US","American"
"Eternal Sunshine of the Spotless Mind","tt0338013","1","9","8.5","0","2004","95","
English","
USA","DVD","US","American"
"The Village","tt0368447","1","7","6.6","0","2004","0","
English","
USA","DVD","US","American"
"Shaun of the Dead","tt0365748","1","7.5","8","0","2004","0","
English","
UK","DVD","EN","English"
"The Sopranos","tt0141842","1","8.5","9.5","0","1999","0","
English","
USA","DVD","US","American"
"The Sea is Watching","tt0316829","1","0","7.1","0","2002","0","
Japanese","
Japan","DVD","JP","Japanese"
"The Manchurian Candidate","tt0368008","1","8","6.7","0","2004","129","
English","
USA","DVD","US","American"
"Outfoxed: Rupert Murdoch's War on Journalism","tt0418038","1","8","7.7","0","2004","78","
English","
USA","DVD","US","American"
"The Chronicles of Riddick","tt0296572","1","8","6.4","0","2004","135","
English","
USA","DVD","US","American"
"The Girl Next Door","tt0265208","1","6","6.9","0","2004","110","
English","
USA","DVD","US","American"
"The Day After Tomorrow","tt0319262","1","7.5","6.3","0","2004","0","
English","
USA","DVD","US","American"
"The Ladykillers","tt0335245","1","6.5","6.2","0","2004","0","
English","
USA","DVD","US","American"
"The Terminal","tt0362227","1","8","7.1","0","2004","0","
English","
USA","DVD","US","American"
"Cellular","tt0337921","1","6","6.5","0","2004","0","
English","
USA","DVD","US","American"
"The Stepford Wives","tt0327162","1","5.5","5.1","0","2004","0","
English","
USA","DVD","US","American"
"Shrek 2","tt0298148","1","8","7.6","0","2004","0","
English","
USA","DVD","US","American"
"The Bourne Supremecy","tt0372183","1","7","7.6","0","2004","0","
English","
USA","DVD","US","American"
"Angels in America","tt0318997","1","0","8.3","0","2003","0","
English","
USA","DVD","US","American"
"Rounders","tt0128442","1","8","7.3","0","1998","0","
English","
USA","DVD","US","American"
"Team America","tt0372588","1","8.5","7.3","0","2004","0","
English","
USA","DVD","US","American"
"2043","tt0212712","1","0","7.5","0","2004","0","
Cantonese","
China","DVD","HK","Hong Kong"
"21 Grams","tt0315733","1","8","7.9","0","2003","0","
English","
USA","DVD","US","American"
"3-Iron","tt0423866","1","8.5","7.9","0","2004","0","
Korean","
South Korea","DVD","KR","Korean"
"A Better Tomorrow 2","tt0094357","1","0","7.3","0","1987","0","
Mandarin","
Hong Kong","DVD","HK","Hong Kong"
"A Better Tomorrow 3","tt0098691","1","0","5.7","0","1989","130","
English","
Hong Kong","DVD","HK","Hong Kong"
"A Chinese Ghost Story","tt0093978","1","0","7.5","0","1987","98","
Cantonese","
Hong Kong","DVD","HK","Hong Kong"
"A Good Lawyers Wife","tt0372782","1","0","6.8","0","2003","106","
Korean","
South Korea","DVD","KR","Korean"
"A Lamb In Dispair","tt0239549","1","0","5.1","0","1999","0","
Cantonese","
Hong Kong","DVD","HK","Hong Kong"
"Apollo 13","tt0112384","1","8","7.5","0","1995","0","
English","
USA","DVD","US","American"
"Arahan","tt0091607","1","0","6.5","0","1986","99","
Mandarin","
Hong Kong","DVD","HK","Hong Kong"
"Around the World in 80 Days","tt0327437","1","7.5","5.6","0","2004","0","
English","
USA","DVD","US","American"
"Bad Guy","tt0307213","1","0","6.8","0","2001","0","
Korean","
South Korea","DVD","KR","Korean"
"Bangkok Haunted","tt0364977","1","0","5.3","0","2001","130","
Thai","
Thailand","DVD","TH","Thailand"
"Better Luck Tomorrow","tt0280477","1","0","7.2","0","2002","98","
English","
USA","DVD","US","American"
"Black Magic","tt0184442","1","0","0","0","1993","0","
Cantonese","
Hong Kong","DVD","HK","Hong Kong"
"Challenge of the Masters","tt0074300","1","0","7","0","1976","95","
Mandarin","
Hong Kong","DVD","HK","Hong Kong"
"Chinese Odyssey: Cinderella","tt0114996","1","0","8.1","0","1994","95","
Cantonese","
Hong Kong","DVD","HK","Hong Kong"
"Chinese Odyssey: Pandora's Box","tt0112778","1","0","7.8","0","1994","87","
Cantonese","
Hong Kong","DVD","HK","Hong Kong"
"City On Fire","tt0093435","1","0","7.1","0","1987","101","
Cantonese","
Hong Kong","DVD","HK","Hong Kong"
"Closer","tt0376541","1","7.5","7.4","0","2004/I","0","
English","
USA","DVD","US","American"
"Dance With the Wind","tt0400209","1","0","7","0","2004","132","
Korean","
South Korea","DVD","KR","Korean"
"Don't Tell Papa","tt0385511","1","0","5.9","0","2004","0","
Korean","
South Korea","DVD","KR","Korean"
"Double Dragon","tt0105399","1","0","5.9","0","1992","89","
Cantonese","
Hong Kong","DVD","HK","Hong Kong"
"Dragon From Russia","tt0099791","1","0","6","0","1990","0","
Cantonese","
Hong Kong","DVD","HK","Hong Kong"
"Escape From HK Island",,"1","0","0","0","2004","0",,,"DVD","HK","Hong Kong"
"Everybody has Secrets","tt0416080","1","0","6","0","2004","105","
Korean","
South Korea","DVD","KR","Korean"
"Flight of the Phoenix","tt0377062","1","6","6","0","2004","0","
English","
USA","DVD","US","American"
"Ghost House","tt0341266","1","0","5.8","0","2003","113","
Hindi","
India","DVD","IN","Indian"
"Green Fish","tt0126838","1","0","7.2","0","1997","115","
Korean","
South Korea","DVD","KR","Korean"
"H","tt0304120","1","0","5.7","0","2002","106","
Korean","
South Korea","DVD","KR","Korean"
"Hannibal","tt0212985","1","6.5","6.4","0","2001","0","
English","
UK","DVD","US","American"
"Ice Rain","tt0389805","1","0","5.5","0","2004","105","
Korean","
South Korea","DVD","KR","Korean"
"Into the Mirror","tt0372937","1","0","6.5","0","2003","113","
Korean","
South Korea","DVD","KR","Korean"
"Invincible Shaolin","tt0077973","1","0","7.1","0","1978","98","
Cantonese","
Hong Kong","DVD","HK","Hong Kong"
"Kagemusha","tt0080979","1","8.5","7.9","0","1980","162","
Japanese","
Japan","DVD","JP","Japanese"
"Kickboxer","tt0097923","1","0","4.9","0","1989","0","
Cantonese","
Hong Kong","DVD","HK","Hong Kong"
"King Arthur","tt0349683","1","0","6.2","0","2004","142","
English","
USA","DVD","US","American"
"Kundun","tt0119485","1","7.5","7","0","1997","0","
English","
USA","DVD","US","American"
"Kung Fu Hustle","tt0373074","1","8.5","7.8","0","2004","95","
Cantonese","
China","DVD","HK","Hong Kong"
"Kung Fu Master","tt0108624","1","0","6.1","0","1993","99","
Cantonese","
Hong Kong","DVD","HK","Hong Kong"
"Labyrinth","tt0091369","1","8","7.3","0","1986","0","
English","
UK","DVD","US","American"
"Leave Me, Love You","tt0347472","1","0","0","0","2000","0","
Tagalog","
Philippines","DVD","PH","Philippines"
"Legendary Weapons of China","tt0084671","1","0","6.7","0","1982","0","
Cantonese","
Hong Kong","DVD","HK","Hong Kong"
"Love so Divine","tt0419135","1","0","6.2","0","2004","110","
Korean","
South Korea","DVD","KR","Korean"
"Lovers Concerto","tt0328675","1","0","7.4","0","2002","106","
Korean","
South Korea","DVD","KR","Korean"
"Mean Creek","tt0377091","1","7","7.4","0","2004","0","
English","
USA","DVD","US","American"
"Merlin","tt0130414","1","8","6.9","0","1998/I","0","
English","
USA","DVD","US","American"
"Moonlight Mile","tt0179098","1","7","6.7","0","2002","120","
English","
USA","DVD","US","American"
"Mulholland Drive","tt0166924","1","8","8","0","2001","0","
English","
France","DVD","US","American"
"My Big Fat Greek Wedding","tt0259446","1","0","6.7","0","2002","0","
English","
USA","DVD","US","American"
"National Treasure","tt0368891","1","7","6.8","0","2004","0","
English","
USA","DVD","US","American"
"New Dragon Gate Inn","tt0105859","1","0","7.2","0","1992","88","
Cantonese","
Hong Kong","DVD","HK","Hong Kong"
"Ninja in the Dragons Den","tt0084267","1","0","7.7","0","1982","0","
English","
Hong Kong","DVD","HK","Hong Kong"
"Pi","tt0138704","1","8","7.5","0","1998","0","
English","
USA","DVD","US","American"
"Pitch Black","tt0134847","1","7","6.9","0","2000","100","
English","
Australia","DVD","US","American"
"President Barber","tt0406853","1","0","7.1","0","2004","116","
Korean","
South Korea","DVD","KR","Korean"
"Ray","tt0350258","1","8","7.8","0","2004/I","178","
English","
USA","DVD","US","American"
"Run Lola Run","tt0130827","1","8","8","0","1998","81","
German","
Germany","DVD","DE","German"
"Samaria","tt0397619","1","0","7.3","0","2004","95","
Korean","
South Korea","DVD","KR","Korean"
"Seabiscuit","tt0329575","1","7.5","7.4","0","2003","0","
English","
USA","DVD","US","American"
"Shao Lin Vs. Wu Dang","tt0083062","1","0","7.8","0","1981","0","
Cantonese","
Hong Kong","DVD","HK","Hong Kong"
"Shrek","tt0126029","1","8","8","0","2001","0","
English","
USA","DVD","US","American"
"Six Strong Guys","tt0440595","1","0","6.6","0","2004","107","
Cantonese","
Hong Kong","DVD","HK","Hong Kong"
"Solaris","tt0307479","1","7","6.2","0","2002","0","
English","
USA","DVD","US","American"
"Some","tt0424448","1","0","6.1","0","2004","118","
Korean","
South Korea","DVD","KR","Korean"
"Spiderman","tt0145487","1","8","7.4","0","2002","0","
English","
USA","DVD","US","American"
"Spiderman 2","tt0316654","1","8","7.7","0","2004","135","
English","
USA","DVD","US","American"
"Spring Breeze","tt0377042","1","0","5.9","0","2003","113","
Korean","
South Korea","DVD","KR","Korean"
"Starship Troopers","tt0120201","1","8.5","7","0","1997","0","
English","
USA","DVD","US","American"
"The 6th Sense","tt0167404","1","8","8.2","0","1999","0","
English","
USA","DVD","US","American"
"The Animatrix","tt0328832","1","8.5","7.5","0","2003","0","
Japanese","
USA","DVD","US","American"
"The Core","tt0298814","1","6","5.3","0","2003","0","
English","
UK","DVD","US","American"
"The English Patient","tt0116209","1","0","7.2","0","1996","0","
English","
USA","DVD","US","American"
"The Last Temptation of Christ","tt0095497","1","7.5","7.5","0","1988","0","
English","
USA","DVD","US","American"
"The Life Aquatic with Steve Zissou","tt0362270","1","9","7.2","0","2004","0","
English","
USA","DVD","US","American"
"The Motorcycle Diaries","tt0318462","1","9.5","7.9","0","2004","0","
Quechua","
Argentina","DVD","US","American"
"The Notebook","tt0332280","1","7","8","0","2004","123","
English","
USA","DVD","US","American"
"The Perfect Storm","tt0177971","1","7","6.2","0","2000","0","
English","
USA","DVD","US","American"
"The Phantom of the Opera","tt0293508","1","7.5","7.3","0","2004","0","
English","
USA","DVD","US","American"
"The Red Violin","tt0120802","1","8","7.7","0","1998","131","
French","
Canada","DVD","US","American"
"The Ring","tt0298130","1","8.5","7.2","0","2002","0","
English","
USA","DVD","US","American"
"The Shaolin Avengers","tt0074513","1","0","6.5","0","1976","97","
Mandarin","
Taiwan","DVD","HK","Hong Kong"
"The Tricky Master 2000","tt0212864","1","0","5.8","0","1999","0","
Cantonese","
Hong Kong","DVD","HK","Hong Kong"
"Treasure Hunt","tt0110071","1","0","6.1","0","1994","0","
Cantonese","
Hong Kong","DVD","HK","Hong Kong"
"Vanity Fair","tt0241025","1","0","6.2","0","2004","0","
English","
UK","DVD","US","American"
"Wonderful Days","tt0353014","1","0","6.8","0","2003","0","
Korean","
South Korea","DVD","KR","Korean"
"Hotel Rwanda","tt0395169","1","0","8.4","0","2004","0","
English","
UK","DVD","US","American"
"Da Vinci Code Decoded","tt0437142","1","0","5.2","0","2004","0","
English","
USA","DVD","US","American"
"Cruel Intentions","tt0139134","1","7.5","6.7","0","1999","0","
English","
USA","DVD","US","American"
"Cruel Intentions 3","tt0391891","1","5.5","4.8","0","2004","0","
English","
USA","DVD","US","American"
"City Of God","tt0317248","1","9","8.8","0","2002","135","
Portuguese","
Brazil","DVD","BR","Brazil"
"Oldboy","tt0364569","1","10","8.3","0","2003","0","
Korean","
South Korea","DVD","KR","Korean"
"Sideways","tt0375063","1","8","7.8","0","2004","0","
English","
USA","DVD","US","American"
"2046","tt0212712","1","0","7.5","0","2004","0","
Cantonese","
China","DVD","HK","Hong Kong"
"6ixtynin9","tt0235154","1","0","7.2","0","1999","115","
Thai","
Thailand","DVD","TH","Thailand"
"A Deadly Secret","tt0165363","1","0","6.7","0","1980","0","
Mandarin","
Hong Kong","DVD","HK","Hong Kong"
"A Time to Remember","tt0192679","1","0","5.7","0","1998","98","
Mandarin","
China","DVD","HK","Hong Kong"
"A World Without Thieves","tt0439884","1","0","7.4","0","2004","100","
Mandarin","
China","DVD","HK","Hong Kong"
"Adventure for Imperial Treasure","tt0164322","1","0","0","0","1981","0","
Mandarin","
Taiwan","DVD","TW","Taiwan"
"All About Ah-Long","tt0098694","1","0","7.1","0","1989","0","
Cantonese","
Hong Kong","DVD","HK","Hong Kong"
"All Night Long","tt0190230","1","0","5.9","0","1992","0","
Japanese","
Japan","DVD","JP","Japanese"
"Another Public Enemy","tt0433328","1","0","6","0","2005","0","
Korean","
South Korea","DVD","KR","Korean"
"Armour of God","tt0091431","1","0","6.6","0","1987","97","
Cantonese","
Yugoslavia","DVD","HK","Hong Kong"
"Barking Dogs Never Bite","tt0269743","1","0","7","0","2000","106","
Korean","
South Korea","DVD","KR","Korean"
"Bhopal Express","tt0281656","1","0","7.6","0","1999","100","
Hindi","
India","DVD","IN","Indian"
"Big Brother Cheng","tt0164518","1","0","6.8","0","1975","0","
Cantonese","
Hong Kong","DVD","HK","Hong Kong"
"Blade: Trinity","tt0359013","1","0","5.7","0","2004","122","
English","
USA","DVD","US","American"
"Boogiepop and Others","tt0331906","1","0","6.3","0","2000","0","
Japanese","
Japan","DVD","JP","Japanese"
"Bushinsaba","tt0415689","1","0","5.5","0","2004","92","
Korean","
South Korea","DVD","KR","Korean"
"City War","tt0094854","1","0","6.1","0","1988","0","
Cantonese","
Hong Kong","DVD","HK","Hong Kong"
"Clan of the Amazons","tt0077339","1","0","6.8","0","1978","0","
Mandarin","
Hong Kong","DVD","HK","Hong Kong"
"Double Agent","tt0342561","1","0","6.3","0","2003","123","
Korean","
South Korea","DVD","KR","Korean"
"Dragon Swamp","tt0064258","1","0","6.9","0","1969","0","
Mandarin","
Hong Kong","DVD","HK","Hong Kong"
"Fallen Angels","tt0112913","1","0","7.2","0","1995","96","
Cantonese","
Hong Kong","DVD","HK","Hong Kong"
"Flower Island","tt0302602","1","0","6.8","0","2001","115","
Korean","
South Korea","DVD","KR","Korean"
"Godzilla: Tokyo S.O.S.","tt0366526","1","0","6.7","0","2003","0","
Japanese","
Japan","DVD","JP","Japanese"
"Hana and Alice","tt0407851","1","0","7.6","0","2004","135","
Japanese","
Japan","DVD","JP","Japanese"
"Hana-bi","tt0119250","1","0","7.8","0","1997","0","
Japanese","
Japan","DVD","JP","Japanese"
"Happy Times","tt0303243","1","0","7.5","0","2000","102","
Mandarin","
China","DVD","HK","Hong Kong"
"He Was Cool","tt0415819","1","0","6.2","0","2004","0","
Korean","
South Korea","DVD","KR","Korean"
"Heaven and Hell","tt0080621","1","0","6.2","0","1980","88","
Mandarin","
Hong Kong","DVD","HK","Hong Kong"
"Heroes of the East","tt0080172","1","0","7.9","0","1979","0","
Japanese","
Hong Kong","DVD","HK","Hong Kong"
"Heroes Two","tt0070051","1","0","6.8","0","1974","86","
Mandarin","
Hong Kong","DVD","HK","Hong Kong"
"House of Fury","tt0435026","1","0","6.2","0","2005","102","
Cantonese","
Hong Kong","DVD","HK","Hong Kong"
"Human Lanterns","tt0084586","1","0","6.2","0","1982","0","
Mandarin","
Hong Kong","DVD","HK","Hong Kong"
"Infection","tt0418778","1","0","6.2","0","2004","98","
Japanese","
Japan","DVD","JP","Japanese"
"Inugami","tt0277044","1","0","6.1","0","2001","0","
Japanese","
Japan","DVD","HK","Hong Kong"
"Jade Tiger","tt0076519","1","0","7.1","0","1977","0","
Mandarin","
Hong Kong","DVD","HK","Hong Kong"
"Jeni, Juno","tt0453115","1","0","6.8","0","2005","108","
Korean","
South Korea","DVD","KR","Korean"
"Ju Dou","tt0099902","1","0","7.7","0","1990","0","
Mandarin","
Japan","DVD","HK","Hong Kong"
"Kikoku","tt0376706","1","0","6.8","0","2003","100","
Japanese","
Japan","DVD","JP","Japanese"
"King of Beggars","tt0100963","1","0","6.7","0","1992","93","
Cantonese","
Hong Kong","DVD","HK","Hong Kong"
"Knight of Knights","tt0189202","1","0","6.5","0","1966","0","
Mandarin","
Hong Kong","DVD","HK","Hong Kong"
"Kung Fu: The Punch of Death","tt0070564","1","0","5.8","0","1973","0","
Mandarin","
Hong Kong","DVD","HK","Hong Kong"
"Last Life in the Universe","tt0345549","1","0","7.7","0","2003","112","
Thai","
Thailand","DVD","TH","Thailand"
"Legend of a Fighter","tt0084105","1","0","7.6","0","1982","89","
Mandarin","
Hong Kong","DVD","HK","Hong Kong"
"Magnificent Trio","tt0060163","1","0","6.3","0","1966","103","
Mandarin","
Hong Kong","DVD","HK","Hong Kong"
"Make It Big","tt0319546","1","0","5.9","0","2002","0","
Korean","
South Korea","DVD","KR","Korean"
"Mr. Vampire","tt0089371","1","0","7.5","0","1985","0","
Cantonese","
Hong Kong","DVD","HK","Hong Kong"
"Mr. Vampire 2","tt0091293","1","0","5.5","0","1986","0","
Cantonese","
Hong Kong","DVD","HK","Hong Kong"
"Mr. Vampire 3","tt0093422","1","0","6.6","0","1987","0","
Cantonese","
Hong Kong","DVD","HK","Hong Kong"
"Mr. Vampire 4","tt0099881","1","0","6.1","0","1988","0","
Cantonese","
Hong Kong","DVD","HK","Hong Kong"
"My Boyfriend is Type B","tt0452972","1","0","5.7","0","2005","96","
Korean","
South Korea","DVD","KR","Korean"
"My Love Toram",,"1","0","0","0","2005","0",,,"DVD","KR","Korean"
"My Wife is a Gangster 2","tt0364447","1","0","6","0","2003","0","
Korean","
South Korea","DVD","KR","Korean"
"Onmyoji 2","tt0383543","1","0","5.7","0","2003","0","
Japanese","
Japan","DVD","JP","Japanese"
"Please Teach Me English","tt0381716","1","0","6.5","0","2003","0","
Korean","
South Korea","DVD","KR","Korean"
"Police Story","tt0089374","1","0","7.5","0","1985","88","
Cantonese","
Hong Kong","DVD","HK","Hong Kong"
"Possible Changes","tt0407815","1","0","5.5","0","2004","0","
English","
South Korea","DVD","KR","Korean"
"Razor 2: The Snare","tt0174707","1","0","7.1","0","1973","0","
Japanese","
Japan","DVD","JP","Japanese"
"Redeye","tt0448707","1","0","4.6","0","2005","0","
Korean","
South Korea","DVD","KR","Korean"
"Resurrection of the Little Match Girl","tt0327169","1","0","5.6","0","2002","123","
Korean","
South Korea","DVD","KR","Korean"
"Return of the One-Armed Swordsman","tt0064265","1","0","7.6","0","1969","0","
Mandarin","
Hong Kong","DVD","HK","Hong Kong"
"Samurai Rebellion","tt0061847","1","8","8.1","0","1967","128","
Japanese","
Japan","DVD","JP","Japanese"
"Seven Commandments of Kung Fu","tt0079883","1","0","8","0","1979","0","
Mandarin","
Taiwan","DVD","HK","Hong Kong"
"Swing Girls","tt0435434","1","7.5","7.8","0","2004","105","
Japanese","
Japan","DVD","JP","Japanese"
"Tai Chi Boxer","tt0117821","1","0","6.7","0","1996","0","
Cantonese","
Hong Kong","DVD","HK","Hong Kong"
"Temple of the Red Lotus","tt0059291","1","0","6.7","0","1965","0","
Mandarin","
Hong Kong","DVD","HK","Hong Kong"
"That's Adultery","tt0073798","1","0","6.6","0","1975","0","
Mandarin","
Hong Kong","DVD","HK","Hong Kong"
"The Deadly Breaking Sword","tt0079148","1","0","6.7","0","1979","0","
Cantonese","
Hong Kong","DVD","HK","Hong Kong"
"The Emperor and His Brother","tt0083072","1","0","6.7","0","1981","0","
Mandarin","
Hong Kong","DVD","HK","Hong Kong"
"The Eye 10",,"1","0","0","0","2005","0",,,"DVD","HK","Hong Kong"
"The Happiness of the Katakuris","tt0304262","1","8.5","7.2","0","2001","0","
Japanese","
Japan","DVD","JP","Japanese"
"The Hidden Blade",,"1","7.5","0","0","2004","0",,,"DVD","JP","Japanese"
"The Invincible Fist","tt0065102","1","0","7.4","0","1969","0","
Mandarin","
Hong Kong","DVD","HK","Hong Kong"
"The Iron Bodyguard","tt0069938","1","0","6.5","0","1973","0","
Mandarin","
Hong Kong","DVD","HK","Hong Kong"
"The Isle","tt0255589","1","0","7","0","2000","0","
Korean","
South Korea","DVD","KR","Korean"
"The Legend of the Seven Golden Vampires","tt0070297","1","0","5.9","0","1974","83","
English","
Hong Kong","DVD","HK","Hong Kong"
"The Lower Depths","tt0027336","1","0","7.7","0","1936","95","
French","
France","DVD","US","American"
"The President's Last Bang","tt0445396","1","0","7.1","0","2005","0","
Japanese","
South Korea","DVD","KR","Korean"
"The Scent of the Papaya","tt0107617","1","0","7.3","0","1993","0","
Vietnamese","
Vietnam","DVD","VN","Vietnam"
"The Shadow Whip","tt0068004","1","0","6.3","0","1971","78","
Mandarin","
Hong Kong","DVD","HK","Hong Kong"
"The Shogun's Samurai","tt0078513","1","7.5","7.1","0","1978","0","
Japanese","
Japan","DVD","JP","Japanese"
"The Silver Fox",,"1","0","0","0",,"0",,,"DVD","HK","Hong Kong"
"The Sword of Doom","tt0060277","1","7.5","8","0","1966","0","
Japanese","
Japan","DVD","JP","Japanese"
"The Teahouse","tt0200526","1","0","6.4","0","1974","0","
Cantonese","
Hong Kong","DVD","HK","Hong Kong"
"The Twelve Gold Medallions","tt0192601","1","0","7.4","0","1970","90","
Mandarin","
Hong Kong","DVD","HK","Hong Kong"
"The Wizard","tt0098663","1","0","5.5","0","1989","100","
English","
USA","DVD","US","American"
"This Charming Girl","tt0436979","1","6.5","6.9","0","2004","99","
Korean","
South Korea","DVD","KR","Korean"
"Toy Reanimator",,"1","0","0","0","2002","0",,,"DVD","JP","Japanese"
"Triads: The Inside Story","tt0098667","1","0","5.9","0","1989","91","
Cantonese","
Hong Kong","DVD","HK","Hong Kong"
"Warriors of Heaven and Earth","tt0374330","1","0","6.4","0","2003","114","
Mandarin","
China","DVD","HK","Hong Kong"
"Wet Dreams","tt0341476","1","0","5.3","0","2002","94","
Korean","
South Korea","DVD","KR","Korean"
"Wet Dreams 2",,"1","0","0","0",,"0",,,"DVD","KR","Korean"
"Wheels on Meals","tt0087578","1","0","6.9","0","1984","108","
Cantonese","
Hong Kong","DVD","HK","Hong Kong"
"Wizard of Darkness","tt0112939","1","0","5.8","0","1995","0","
Japanese","
Japan","DVD","JP","Japanese"
"Wonder 7",,"1","0","0","0","1997","0",,,"DVD","HK","Hong Kong"
"Zatoichi 3:New Tale of Zatoichi","tt0057503","1","0","7.5","0","1963","0","
Japanese","
Japan","DVD","JP","Japanese"
"Charlie and the Chocolate Factory","tt0367594","1","0","7.2","0","2005","0","
English","
USA","DVD","US","American"
"The Seventh Scroll","tt0272836","1","0","5.8","0","1999","267","
English","
USA","DVD","US","American"
"Flightplan","tt0408790","1","0","6.2","0","2005","0","
English","
USA","DVD","US","American"
"Pirates of Silicon Valley","tt0168122","1","0","6.8","0","1999","0","
English","
USA","DVD","US","American"
"The Interpreter","tt0373926","1","0","6.5","0","2005","0","
Aboriginal","
UK","DVD","US","American"
"Battlestar Galactica","tt0407362","1","0","9.1","0","2004","0","
English","
USA","DVD","US","American"
"Advent Children","tt0385700","1","0","7.5","0","2005","0","
Japanese","
Japan","DVD","JP","Japanese"
"Alive","tt0106246","1","0","6.9","0","1993","0","
English","
USA","DVD","US","American"
"40 Year Old Virgin","tt0405422","1","0","7.5","0","2005","112","
Spanish","
USA","DVD","US","American"
"In Good Company","tt0385267","1","0","6.9","0","2004","109","
English","
USA","DVD","US","American"
"Children of Dune","tt0287839","1","0","7.6","0","2003","235","
English","
Germany","DVD","US","American"
"War of Worlds","tt0407304","1","0","6.6","0","2005","0","
English","
USA","DVD","US","American"
"Batman Begins","tt0372784","1","0","8.4","0","2005","0","
Mandarin","
USA","DVD","US","American"
"Constantine","tt0360486","1","0","6.6","0","2005","0","
English","
USA","DVD","US","American"
"Fantastic Four","tt0120667","1","0","5.8","0","2005","125","
English","
USA","DVD","US","American"
"Animal House","tt0077975","1","0","7.6","0","1978","0","
English","
USA","DVD","US","American"
"Before Sunset","tt0381681","1","0","8","0","2004","0","
English","
USA","DVD","US","American"
"Chasing Amy","tt0118842","1","0","7.5","0","1997","0","
English","
USA","DVD","US","American"
"The Virgin Suicides","tt0159097","1","0","7.2","0","1999","90","
English","
USA","DVD","US","American"
"Shackelton's Antarctic Adventure","tt0280105","1","0","8.2","0","2001","0","
English","
USA","DVD","US","American"
"Scotland, PA","tt0265713","1","0","6.6","0","2001","0","
English","
USA","DVD","US","American"
"Mail Order Wife","tt0377088","1","0","6","0","2004","92","
English","
USA","DVD","US","American"
"House of Sand and Fog","tt0315983","1","0","7.8","0","2003","126","
English","
USA","DVD","US","American"
"Saved!","tt0332375","1","0","7","0","2004","0","
English","
USA","DVD","US","American"
"7 Years in Tibet","tt0120102","1","0","6.7","0","1997","0","
English","
USA","DVD","US","American"
"Bridget Jones's Diary","tt0243155","1","0","6.9","0","2001","0","
English","
UK","DVD","US","American"
"White Noise","tt0375210","1","0","5.4","0","2005","101","
English","
Canada","DVD","US","American"
"Galaxy Quest","tt0177789","1","0","7.2","0","1999","0","
English","
USA","DVD","US","American"
"The Recruit","tt0292506","1","0","6.5","0","2003","0","
English","
USA","DVD","US","American"
"Better than Sex","tt0373718","1","0","6.7","0","2002","92","
English","
Taiwan","DVD","TW","Taiwan"
"The Scent of Green Papaya","tt0107617","1","0","7.3","0","1993","0","
Vietnamese","
Vietnam","DVD","VN","Vietnam"
"The Twins",,"1","0","0","0","2005","0",,,"DVD","KR","Korean"
"Spider Forest","tt0407821","1","0","6.8","0","2004","112","
Korean","
South Korea","DVD","KR","Korean"
"Spygirl","tt0390043","1","0","5.9","0","2004","102","
Korean","
South Korea","DVD","KR","Korean"
"Green Chair","tt0436639","1","0","6.7","0","2005","98","
Korean","
South Korea","DVD","KR","Korean"
"Crying Fist","tt0457007","1","0","7.5","0","2005","134","
Korean","
South Korea","DVD","KR","Korean"
"Singles","tt0371226","1","0","7","0","2003","110","
Korean","
South Korea","DVD","KR","Korean"
"Happy Ero Christmas","tt0385737","1","0","3.4","0","2003","0","
Korean","
South Korea","DVD","KR","Korean"
"How to Keep My Love","tt0416070","1","0","6.2","0","2004","112","
Korean","
South Korea","DVD","KR","Korean"
"The Hypnotist","tt0228807","1","0","5.9","0","1999","0","
Japanese","
Japan","DVD","KR","Korean"
"Flying Boys","tt0432393","1","0","6.7","0","2004","0","
Korean","
South Korea","DVD","KR","Korean"
"Oasis","tt0320193","1","0","8.1","0","2002","132","
Korean","
South Korea","DVD","KR","Korean"
"Guns and Talks","tt0295368","1","0","6.9","0","2001","120","
Korean","
South Korea","DVD","KR","Korean"
"S Diary","tt0426196","1","0","6.1","0","2004","106","
Korean","
South Korea","DVD","KR","Korean"
"So Cute","tt0368769","1","0","4.8","0","2004","116","
Korean","
South Korea","DVD","KR","Korean"
"Peppermint Candy","tt0247613","1","0","8","0","1999","129","
Korean","
South Korea","DVD","KR","Korean"
"Lonely Rivals",,"1","0","0","0",,"0",,,"DVD","KR","Korean"
"Bungee Jumping on their Own","tt0276818","1","0","7.3","0","2001","0","
Korean","
South Korea","DVD","KR","Korean"
"Crazy N the City","tt0441511","1","0","7.2","0","2005","93","
Cantonese","
Hong Kong","DVD","KR","Korean"
"Shin Suk-ki Blues","tt0440798","1","0","5.6","0","2004","108","
Korean","
South Korea","DVD","KR","Korean"
"My Mother, The Mermaid","tt0417782","1","0","7.4","0","2004","0","
Korean","
South Korea","DVD","KR","Korean"
"The Big Swindle","tt0402842","1","0","6.6","0","2004","116","
Korean","
South Korea","DVD","KR","Korean"
"Seoul Raiders","tt0455116","1","0","5.6","0","2005","95","
English","
South Korea","DVD","KR","Korean"
"The Scarlet Letter","tt0427411","1","0","6.9","0","2004","0","
Korean","
South Korea","DVD","KR","Korean"
"Public Enemy","tt0306909","1","0","7.2","0","2002","0","
Korean","
South Korea","DVD","KR","Korean"
"The Cat Returns","tt0347618","1","0","7.2","0","2002","0","
English","
Japan","DVD","JP","Japanese"
"Getting Any","tt0110524","1","0","6","0","1995","0","
Japanese","
Japan","DVD","JP","Japanese"
"Suicide Club","tt0312843","1","0","6.7","0","2002","0","
Japanese","
Japan","DVD","JP","Japanese"
"The Taste of Tea","tt0413893","1","0","7.9","0","2004","143","
Japanese","
Japan","DVD","JP","Japanese"
"Electric Dragon 80,000v","tt0276935","1","0","6.8","0","2001","55","
Japanese","
Japan","DVD","JP","Japanese"
"Tomie - Re-birth","tt0348225","1","0","5.7","0","2001","0","
Japanese","
Japan","DVD","JP","Japanese"
"Godzilla: Tokyo S.O.S.","tt0366526","1","0","6.7","0","2003","0","
Japanese","
Japan","DVD","JP","Japanese"
"2LDK","tt0362387","1","0","7","0","2003","66","
Japanese","
Japan","DVD","JP","Japanese"
"Devilman","tt0373786","1","0","4.4","0","2004","112","
Japanese","
Japan","DVD","JP","Japanese"
"Derusu Uzara","tt0071411","1","0","8","0","1975","0","
Russian","
Soviet Union","DVD","JP","Japanese"
"Shall We Dance?","tt0117615","1","0","7.9","0","1996","118","
Japanese","
Japan","DVD","JP","Japanese"
"Dolls","tt0330229","1","0","7.8","0","2002","0","
Japanese","
Japan","DVD","JP","Japanese"
"Rikidozan","tt0435931","1","0","7.2","0","2004","0","
Japanese","
Japan","DVD","JP","Japanese"
"Izo","tt0377079","1","0","5.9","0","2004","128","
Japanese","
Japan","DVD","JP","Japanese"
"Godzilla, Mothra and King Ghidorah: Giant Monsters All out Attack","tt0279112","1","0","7.1","0","2001","0","
Japanese","
Japan","DVD","JP","Japanese"
"Musashi Miyamoto: Ganrya Island Duel","tt0049710","1","0","8","0","1956","105","
Japanese","
Japan","DVD","JP","Japanese"
"The Street Fighter","tt0073756","1","0","7","0","1974","91","
Japanese","
Japan","DVD","JP","Japanese"
"Cyber Team in Akihabara","tt0331167","1","0","4.3","0","1998","0","
Japanese","
Japan","DVD","JP","Japanese"
"Love Letter","tt0113703","1","0","7.1","0","1995","117","
Japanese","
Japan","DVD","JP","Japanese"
"Crying Out of Love in the Center of the World","tt0424430","1","0","7.4","0","2004","0","
Japanese","
Japan","DVD","JP","Japanese"
"The Bird People of China","tt0142181","1","0","7.8","0","1998","0","
Japanese","
Japan","DVD","JP","Japanese"
"Visitor Q","tt0290329","1","0","7","0","2001","0","
Japanese","
Japan","DVD","JP","Japanese"
"Myths and Logic of Kung Fu",,"1","0","0","0",,"0",,,"DVD","HK","Hong Kong"
"PTU","tt0250638","1","0","6.8","0","2003","87","
Cantonese","
Hong Kong","DVD","HK","Hong Kong"
"Cut",,"1","0","0","0",,"0",,,"DVD","HK","Hong Kong"
"Three Avengers","tt0079110","1","0","5.8","0","1979","0","
Cantonese","
Hong Kong","DVD","HK","Hong Kong"
"My Brother","tt0423461","1","0","7.3","0","2004","112","
Korean","
South Korea","DVD","HK","Hong Kong"
"Raw Courage","tt0064878","1","0","6.9","0","1969","108","
Mandarin","
Hong Kong","DVD","HK","Hong Kong"
"Chunking Express","tt0109424","1","0","8","0","1994","102","
Japanese","
Hong Kong","DVD","HK","Hong Kong"
"New Crouching Tiger Hidden Dragon",,"1","0","0","0",,"0",,,"DVD","HK","Hong Kong"
"Not One Less","tt0209189","1","0","7.6","0","1999","0","
Mandarin","
China","DVD","HK","Hong Kong"
"Moving Targets","tt0419983","1","0","6.7","0","2004","94","
English","
Hong Kong","DVD","HK","Hong Kong"
"Leave Me Alone","tt0440016","1","0","5.8","0","2004","93","
Cantonese","
Hong Kong","DVD","HK","Hong Kong"
"Full Alert","tt0134664","1","0","6.7","0","1997","0","
Mandarin","
Hong Kong","DVD","HK","Hong Kong"
"White Dragon","tt0089471","1","0","3.2","0","1987","0","
English","
Poland","DVD","HK","Hong Kong"
"The Brave Archer 2","tt0078250","1","0","6.4","0","1978","0","
Cantonese","
Hong Kong","DVD","HK","Hong Kong"
"The Brave Archer 3","tt0079896","1","0","5.7","0","1981","0","
Mandarin","
Hong Kong","DVD","HK","Hong Kong"
"Beast Cops","tt0157366","1","0","6.7","0","1998","0","
Cantonese","
Hong Kong","DVD","HK","Hong Kong"
"Ways of Kung Fu","tt0202100","1","0","6.2","0","1978","0","
Mandarin","
Taiwan","DVD","HK","Hong Kong"
"Beyond Our Ken","tt0440445","1","0","7.2","0","2004","0","
Cantonese","
Hong Kong","DVD","HK","Hong Kong"
"Crippled Avengers","tt0077292","1","0","7.6","0","1978","100","
Mandarin","
Hong Kong","DVD","HK","Hong Kong"
"Vampire Vs. Vampire","tt0098690","1","0","6.4","0","1989","0","
Cantonese","
Hong Kong","DVD","HK","Hong Kong"
"Suzhou River","tt0234837","1","0","7.5","0","2000","0","
Mandarin","
Germany","DVD","HK","Hong Kong"
"Shower","tt0215369","1","0","7.2","0","1999","0","
Mandarin","
China","DVD","HK","Hong Kong"
"Shaolin Invincible Sticks","tt0079893","1","0","5","0","1979","90","
Mandarin","
Taiwan","DVD","HK","Hong Kong"
"Purple Butterfly","tt0363290","1","0","5.8","0","2003","127","
Mandarin","
China","DVD","HK","Hong Kong"
"Shaolin Vs. Evil Dead","tt0467488","1","0","3.8","0","2004","0","
Mandarin","
Hong Kong","DVD","HK","Hong Kong"
"Water Margin","tt0069265","1","0","6.7","0","1972","120","
Mandarin","
Hong Kong","DVD","HK","Hong Kong"
"Challenge of the Gamesters","tt0082155","1","0","6.4","0","1981","0","
Cantonese","
Hong Kong","DVD","HK","Hong Kong"
"Serenity","tt0379786","1","0","8","0","2005","0","
English","
USA","DVD","US","American"
"Cello","tt0475532","1","0","6.1","0","2005","0","
Korean","
South Korea","DVD","KR","Korean"
"Ditto","tt0270919","1","0","7.2","0","2000","0","
Korean","
South Korea","DVD","KR","Korean"
"Harakiri","tt0056058","1","0","8.2","0","1962","0","
Japanese","
Japan","DVD","JP","Japanese"
"Heaven's Soldiers","tt0470711","1","0","6.1","0","2005","106","
Korean","
South Korea","DVD","KR","Korean"
"Il Mare","tt0282599","1","0","7.8","0","2000","105","
Korean","
South Korea","DVD","KR","Korean"
"Humanity and Paper Balloons","tt0029314","1","0","7.7","0","1937","0","
Japanese","
Japan","DVD","JP","Japanese"
"Plastic Tree","tt0359841","1","0","6.5","0","2003","103","
Korean","
South Korea","DVD","KR","Korean"
"Hwal","tt0456470","1","0","7.2","0","2005","88","
Korean","
South Korea","DVD","KR","Korean"
"Tony Takitani","tt0420260","1","0","7.4","0","2004","75","
Japanese","
Japan","DVD","JP","Japanese"
